,Event,Date and Time,Duration (in minutes),Venue,Address,Lowest Price,Highest Price,Booking Status,URL,Address_latitude,Address_longitude
0,Feel music,10/06/2024 10:00,120,Opéra de Sydney,"#Bennelong Point Sydney, NSW 2000",0,0,Going fast,https://www.eventbrite.com.au/e/feel-music-tickets-894977811727?aff=ebdssbdestsearch,-33.85716,151.21496
1,Harmony Festival Sydney 2024,10/06/2024 18:30,150,2 Australia Ave,"nue Sydney Olympic Park, NSW 2127",0,0,Sales end soon,https://www.eventbrite.com.au/e/harmony-festival-sydney-2024-tickets-910122429687?aff=ebdssbdestsearch,-33.83851937,151.0623842
2,Silent Disco Party Walk - Vivid Tours - Circular Quay,10/06/2024 18:30,,Customs House,"31 Alfred St Sydney, NSW 2000",0,69.07,Sales end soon,https://www.eventbrite.com.au/e/silent-disco-party-walk-vivid-tours-circular-quay-tickets-882707811827?aff=ebdssbdestsearch,-33.8621982,151.2108572
3,VIVID SYDNEY Silent Disco Tour by DISCO LOCO,10/06/2024 19:00,,Chinese Garden of Friendship,"Cnr Harbour Street Darling Harbour, NSW 2000",34.4,37.55,Sales end soon,https://www.eventbrite.com.au/e/vivid-sydney-silent-disco-tour-by-disco-loco-tickets-872264816547?aff=ebdssbdestsearch,-33.87833322,151.2032986
4,Guitar School : Children - June,11/06/2024 16:00,,Wetherill Park Library,"561-583 Polding Street Wetherill Park, NSW 2164",0,0,Sales end soon,https://www.eventbrite.com.au/e/guitar-school-children-june-tickets-896764666257?aff=ebdssbdestsearch,-33.85869038,150.8987449
5,Guitar School: Youth/Adults - June,11/06/2024 17:00,,Wetherill Park Library,"561-583 Polding Street Wetherill Park, NSW 2164",0,0,Going fast,https://www.eventbrite.com.au/e/guitar-school-youthadults-june-tickets-896767113577?aff=ebdssbdestsearch,-33.85869038,150.8987449
6,RINGO BINGO MUSIC BINGO CLARENDON TAVERN TUESDAYS,11/06/2024 19:00,,Clarendon Tavern,"244 Hawkesbury Valley Way Clarendon, NSW 2756",,,Sales end soon,https://www.eventbrite.com.au/e/ringo-bingo-music-bingo-clarendon-tavern-tuesdays-tickets-795811261907?aff=ebdssbdestsearch,-33.6085326,150.7887977
7,"Soda Tuesday - Free Drink on Arrival, $1 HotDogs & Musical Bingo",11/06/2024 19:00,,The Soda Factory,"16 Wentworth Avenue Surry Hills, NSW 2010",0,0,Sales end soon,https://www.eventbrite.com.au/e/soda-tuesday-free-drink-on-arrival-1-hotdogs-musical-bingo-tickets-517134070927?aff=ebdssbdestsearch,-33.87798409,151.2117896
8,Tuesday Live Jazz,11/06/2024 19:30,,185 Glebe Point Rd,"185 Glebe Point Road Glebe, NSW 2037",0,0,Sales end soon,https://www.eventbrite.com.au/e/tuesday-live-jazz-tickets-834606930797?aff=ebdssbdestsearch,-33.88061689,151.1879062
9,Bondi Lines & Scary Canary Silent Disco Tuesday - Free Drink on Entry,11/06/2024 21:00,,The Scary Canary,"469 Kent Street Sydney, NSW 2000",0,0,Sales end soon,https://www.eventbrite.com.au/e/bondi-lines-scary-canary-silent-disco-tuesday-free-drink-on-entry-tickets-621459571307?aff=ebdssbdestsearch,-33.87306215,151.2049104
10,Music Production Workshop with Heaps Decent,12/06/2024 16:00,,Synergy Youth Centre,"8 Little Street Lane Cove, NSW 2066",0,0,Sales end soon,https://www.eventbrite.com.au/e/music-production-workshop-with-heaps-decent-tickets-908016340317?aff=ebdssbdestsearch,-33.81389053,151.1712426
11,Sheaf Wednesday - Free Drink on Arrival PRE 10PM,12/06/2024 19:00,,The Golden Sheaf,"429 New South Head Road Double Bay, NSW 2026",0,0,Sales end soon,https://www.eventbrite.com.au/e/sheaf-wednesday-free-drink-on-arrival-pre-10pm-tickets-558298625217?aff=ebdssbdestsearch,-33.87782152,151.2436511
12,Wednesday Jazz Joints,12/06/2024 20:00,,The Dock,"182 Redfern Street Redfern, NSW 2016",0,0,,https://www.eventbrite.com.au/e/wednesday-jazz-joints-tickets-511364343517?aff=ebdssbdestsearch,-33.89225231,151.2008653
13,Alex Sky Trio,12/06/2024 20:30,150,Foundry 616,"616 Harris Street Ultimo, NSW 2007",29.29,55.39,Sales end soon,https://www.eventbrite.com.au/e/alex-sky-trio-tickets-906443656377?aff=ebdssbdestsearch,-33.88059765,151.2004608
14,RINGO BINGO MUSIC BINGO THURSDAYS PLUMPTON HOTEL,13/06/2024 19:00,,Plumpton Hotel,"556 Richmond Road Glendenning, NSW 2761",,,,https://www.eventbrite.com.au/e/ringo-bingo-music-bingo-thursdays-plumpton-hotel-tickets-391661388757?aff=ebdssbdestsearch,-33.74030932,150.8609943
15,Vivid In The Harbour - Boat Party (18+),13/06/2024 19:00,,King St Wharf 3 - Cadman Cruises,"King St Wharf 3 Darling Harbour, NSW 2000",22.87,43.64,Sales end soon,https://www.eventbrite.com.au/e/vivid-in-the-harbour-boat-party-18-tickets-887447518417?aff=ebdssbdestsearch,-33.86874701,151.2073617
16,Tourismo Album Launch,13/06/2024 20:30,150,Foundry 616,"616 Harris Street Ultimo, NSW 2007",21.98,48.08,Sales end soon,https://www.eventbrite.com.au/e/tourismo-album-launch-tickets-900090313357?aff=ebdssbdestsearch,-33.88059765,151.2004608
17,La Cueva Superclub Thursdays | SYDNEY | THU 13 JUN  | CARRETE: CHILE NIGHT,13/06/2024 21:00,510,CULT,"33 Bayswater Road Potts Point, NSW 2011",7.5,17.86,Sales end soon,https://www.eventbrite.com.au/e/la-cueva-superclub-thursdays-sydney-thu-13-jun-carrete-chile-night-tickets-879969531557?aff=ebdssbdestsearch,-33.87530356,151.223794
18,Official End of Exams Vivid Boat Party,13/06/2024 21:00,,King Street Wharf 3 - Cadman Cruises,"King Street Wharf 3  - Cadman Cruises Darling Harbour, NSW 2000",17.68,22.87,Sales end soon,https://www.eventbrite.com.au/e/official-end-of-exams-vivid-boat-party-tickets-918679734817?aff=ebdssbdestsearch,-33.86874701,151.2073617
19,The Ultimate Backpacker & International Boat Party  - Vivid Cruise,13/06/2024 21:00,,King St Wharf 3 - Cadman Cruises,"King Street Wharf 3 Sydney, NSW 2000",0,12.49,Sales end soon,https://www.eventbrite.com.au/e/the-ultimate-backpacker-international-boat-party-vivid-cruise-tickets-920566297577?aff=ebdssbdestsearch,-33.8663807,151.2016548
20,Pearl Vivid (Weekend),14/06/2024 17:45,,King Street Wharf 3,"3 The Promenade Sydney, NSW 2000",34.39,68.84,Sales end soon,https://www.eventbrite.com.au/e/pearl-vivid-weekend-tickets-912478256027?aff=ebdssbdestsearch,-33.8687418,151.2015158
21,Live @ the Library | Variety Night |18+ years,14/06/2024 18:00,150,Ryde Library,"1 Pope Street Ryde, NSW 2112",10.5,10.5,,https://www.eventbrite.com.au/e/live-the-library-variety-night-18-years-tickets-907257580847?aff=ebdssbdestsearch,-33.81111817,151.1062311
22,Tapestry Album Tour,14/06/2024 19:00,,Burdekin Hotel,"2 Oxford St Darlinghurst, NSW 2010",24.9,24.9,,https://www.eventbrite.com.au/e/tapestry-album-tour-tickets-896873822747?aff=ebdssbdestsearch,-33.87713995,151.212953
23,Cardea Presents: Grecian Beats,14/06/2024 19:30,120,Cardea Sydney,"300 Barangaroo Avenue #Shop 2, T3.01 Barangaroo, NSW 2000",33.08,96.61,Going fast,https://www.eventbrite.com.au/e/cardea-presents-grecian-beats-tickets-888120441147?aff=ebdssbdestsearch,-33.86512546,151.202201
24,Argyle Friday x Bondi Lines: Free Entry pre 10pm OR Discounted Entry,14/06/2024 20:00,,The Argyle,"18 Argyle Street The Rocks, NSW 2000",0,12.64,,https://www.eventbrite.com.au/e/argyle-friday-x-bondi-lines-free-entry-pre-10pm-or-discounted-entry-tickets-415165349737?aff=ebdssbdestsearch,-33.85870626,151.2078794
25,Argyle Fridays: Free Entry + Free Drink or $10 Anytime Entry,14/06/2024 20:00,,The Argyle,"18 Argyle Street The Rocks, NSW 2000",0,12.49,,https://www.eventbrite.com.au/e/argyle-fridays-free-entry-free-drink-or-10-anytime-entry-tickets-887328512467?aff=ebdssbdestsearch,-33.85870626,151.2078794
26,FRIDAYS AT THE ALLEY PRESENT,14/06/2024 20:00,180,Agincourt Hotel,"871 George Street Sydney, NSW 2000",17.19,17.19,,https://www.eventbrite.com.au/e/fridays-at-the-alley-present-tickets-919769594617?aff=ebdssbdestsearch,-33.88374849,151.20223
27,Glass Island - 808 pres. VIVID FRIDAY - Fri 14 June - VIVID SYDNEY,14/06/2024 20:00,,Glass Island - check event info for Wharf Details,"King Street Wharf Darling Harbour Sydney, NSW 2000",49.4,49.4,Going fast,https://www.eventbrite.com.au/e/glass-island-808-pres-vivid-friday-fri-14-june-vivid-sydney-tickets-880645072117?aff=ebdssbdestsearch,-33.869019,151.201576
28,ONE NIGHT ONLY! Boiler Room Setup ft. Rockafellas,14/06/2024 20:00,180,The Argyle,"18 Argyle Street The Rocks, NSW 2000",10.87,21.2,,https://www.eventbrite.com/e/one-night-only-boiler-room-setup-ft-rockafellas-tickets-893430814617?aff=ebdssbdestsearch,-33.85870626,151.2078794
29,RANGEELA - Vivid Bollywood Cruise Party,14/06/2024 20:00,,King Street Wharf,"Sydney, NSW 2000",27.78,90,Almost full,https://www.eventbrite.com.au/e/rangeela-vivid-bollywood-cruise-party-tickets-880169870777?aff=ebdssbdestsearch,-33.8727635,151.2053446
30,Soda Friday - Free Entry & Drink PRE 12AM,14/06/2024 20:00,,The Soda Factory,"16 Wentworth Avenue Surry Hills, NSW 2010",0,0,,https://www.eventbrite.com.au/e/soda-friday-free-entry-drink-pre-12am-tickets-461990314467?aff=ebdssbdestsearch,-33.87798409,151.2117896
31,Neon Bollywood VIVID Cruise Vol.3,14/06/2024 20:30,,King Street Wharf Darling Harbour,"Lime Street Sydney, NSW 2000",22.49,43.66,,https://www.eventbrite.com.au/e/neon-bollywood-vivid-cruise-vol3-tickets-918110833217?aff=ebdssbdestsearch,-33.86721169,151.2018565
32,Sydney's Biggest End of Semester Black Party.,14/06/2024 20:30,,King Street Wharf 3 - Cadman Cruises,"King Street Wharf 3 Darling Harbour, NSW 2000",28.07,61.81,Almost full,https://www.eventbrite.com.au/e/sydneys-biggest-end-of-semester-black-party-tickets-915014983447?aff=ebdssbdestsearch,-33.86874701,151.2073617
33,BLISS,14/06/2024 21:00,300,The Civic Hotel,"388 Pitt Street Sydney, NSW 2000",17.19,33.08,,https://www.eventbrite.com/e/bliss-tickets-908061655857?aff=ebdssbdestsearch,-33.87794302,151.2077358
34,Dock Fridays,14/06/2024 21:00,,The Dock,"182 Redfern Street Redfern, NSW 2016",0,0,,https://www.eventbrite.com.au/e/dock-fridays-tickets-529882351377?aff=ebdssbdestsearch,-33.89225231,151.2008653
35,Pibe Cantina x Bondi Lines Discounted Entry & Free Drink,14/06/2024 21:00,,Kent St. Hotel,"349 Kent Street Sydney, NSW 2000",12.91,12.91,,https://www.eventbrite.com.au/e/pibe-cantina-x-bondi-lines-discounted-entry-free-drink-tickets-868813393247?aff=ebdssbdestsearch,-33.8695835,151.2046902
36,STEPPERS ft. blkout. + SUPPORTS,14/06/2024 21:00,480,231 Oxford St,"reet Darlinghurst, NSW 2010",17.19,27.78,,https://www.eventbrite.com.au/e/steppers-ft-blkout-supports-tickets-911144346267?aff=ebdssbdestsearch,-33.87908769,151.2206341
37,Vivid Latino - Cruise Party - Closing Night,14/06/2024 21:00,180,King Street Wharf 9,"Sydney, NSW 2000",25.13,48.96,,https://www.eventbrite.com.au/e/vivid-latino-cruise-party-closing-night-tickets-906444258177?aff=ebdssbdestsearch,-33.8727635,151.2053446
38,FRI 14 JUNE - WAO SUPERCLUB @ IVY,14/06/2024 21:30,,ivy precinct,"330 George Street Sydney, NSW 2000",30.25,60.5,,https://www.eventbrite.com.au/e/fri-14-june-wao-superclub-ivy-tickets-906008254077?aff=ebdssbdestsearch,-33.86662343,151.2074597
39,MYST NIGHTCLUB,14/06/2024 21:30,,Home Main Venue,"101/1-5 Wheat Road Cockle Bay Wharf Darling Park, NSW 2000",27.5,64.99,,https://www.eventbrite.com.au/e/myst-nightclub-tickets-915834183697?aff=ebdssbdestsearch,-33.8695335,151.2020692
40,Misery Swiftness: Swemo Night - Sydney (Plus One Co),14/06/2024 22:00,,Tokio Hotel,"101/1-5 Wheat Road Cockle Bay Wharf Darling Park, NSW 2000",15.03,24.2,,https://www.eventbrite.com.au/e/misery-swiftness-swemo-night-sydney-plus-one-co-tickets-890045448897?aff=ebdssbdestsearch,-33.8695335,151.2020692
41,NO PHOTOS - The Return,14/06/2024 22:00,300,Noir Sydney,"163 Oxford Street Darlinghurst, NSW 2010",0,0,,https://www.eventbrite.com/e/no-photos-the-return-tickets-911956665937?aff=ebdssbdestsearch,-33.880349,151.2160857
42,Pibe Cantina x Fiesta Neon | FRI 14 JUN | Kent St Hotel,14/06/2024 22:00,360,Kent Street Hotel,"349 Kent St Sydney, NSW 2000",0,12.68,,https://www.eventbrite.com.au/e/pibe-cantina-x-fiesta-neon-fri-14-jun-kent-st-hotel-tickets-884317205567?aff=ebdssbdestsearch,-33.8695835,151.2046902
43,WeLove Sydney | Home The Venue,14/06/2024 22:00,,Home Rooftop,"101/1-5 Wheat Road Cockle Bay Wharf Darling Park, NSW 2000",22,22,,https://www.eventbrite.com.au/e/welove-sydney-home-the-venue-tickets-911059472407?aff=ebdssbdestsearch,-33.8695335,151.2020692
44,BlueScope Youth Orchestra - Dapto Ribbonwood Centre,15/06/2024 11:00,120,Dapto Ribbonwood Centre,"93/109 Princes Hwy Dapto, NSW 2530",0,0,,https://www.eventbrite.com.au/e/bluescope-youth-orchestra-dapto-ribbonwood-centre-tickets-845556120117?aff=ebdssbdestsearch,-34.49676439,150.7928277
45,Aqua Jazz Lunch,15/06/2024 12:30,,King Street Wharf,"Lime Street Sydney, NSW 2000",76.15,320.27,,https://www.eventbrite.com.au/e/aqua-jazz-lunch-tickets-883905935447?aff=ebdssbdestsearch,-33.86721169,151.2018565
46,MICHAEL JACKSON Themed Silent Disco Tour by DISCO LOCO,15/06/2024 14:00,,Chinese Garden of Friendship,"Cnr Harbour Street Darling Harbour, NSW 2000",21.84,42.78,,https://www.eventbrite.com.au/e/michael-jackson-themed-silent-disco-tour-by-disco-loco-tickets-867988526047?aff=ebdssbdestsearch,-33.87833322,151.2032986
47,DISCO LOCO - The Craziest Silent Disco Tour!,15/06/2024 16:00,,Customs House,"31 Alfred Street Sydney, NSW 2000",32.31,37.55,,https://www.eventbrite.com.au/e/disco-loco-the-craziest-silent-disco-tour-tickets-872229781757?aff=ebdssbdestsearch,-33.8621982,151.2108572
48,Jazz Night at Dobell House,15/06/2024 17:30,,Dobell House,"47 Dobell Drive Wangi Wangi, NSW 2267",29.63,32.8,,https://www.eventbrite.com.au/e/jazz-night-at-dobell-house-tickets-868133620027?aff=ebdssbdestsearch,-33.07104331,151.5846633
49,Beatdown Demonstration.,15/06/2024 18:00,,Burdekin Hotel,"2 Oxford St Darlinghurst, NSW 2010",22.67,22.67,,https://www.eventbrite.com.au/e/beatdown-demonstration-tickets-875642108117?aff=ebdssbdestsearch,-33.87713995,151.212953
50,Glass Island -Act7 Records pres. Change We Need- Sat 15 Jun - VIVID SYDNEY,15/06/2024 18:20,,Glass Island - check event info for Wharf Details,"King Street Wharf Darling Harbour Sydney, NSW 2000",49.4,49.4,,https://www.eventbrite.com.au/e/glass-island-act7-records-pres-change-we-need-sat-15-jun-vivid-sydney-tickets-851992361087?aff=ebdssbdestsearch,-33.869019,151.201576
51,TJMR Presents : BANGERS at 9pm,15/06/2024 18:30,300,Elton Chong,"388 High Street Penrith, NSW 2750",33.08,33.08,,https://www.eventbrite.com.au/e/tjmr-presents-bangers-at-9pm-tickets-906529242367?aff=ebdssbdestsearch,-33.75399735,150.6982008
52,Rock N Retro Disco,15/06/2024 18:45,,Eastern Pontoon Circular Quay,"7 Macquarie Street Sydney, NSW 2000",103.29,103.29,,https://www.eventbrite.com.au/e/rock-n-retro-disco-tickets-886014101027?aff=ebdssbdestsearch,-33.86027296,151.2129833
53,Vivid Sydney Harbour Cruise 2024 - SKY DECK SPECTACULAR!,15/06/2024 18:55,,King Street Wharf 8,"King Street Sydney, NSW 2000",22.49,33.08,,https://www.eventbrite.com/e/vivid-sydney-harbour-cruise-2024-sky-deck-spectacular-tickets-921999093107?aff=ebdssbdestsearch,-33.86874701,151.2073617
54,Josh Setterfield - First Hometown Headline,15/06/2024 19:00,240,"Wangi RSL Club, Watkins Rd","Wangi Wangi, NSW 2267",43.33,89.68,Going fast,https://www.eventbrite.com.au/e/josh-setterfield-first-hometown-headline-tickets-879337130027?aff=ebdssbdestsearch,-33.0694641,151.588574
55,Special Event Of Viet Pho ft Colin Hennerz,15/06/2024 19:00,420,Việt Phố Entertainment,"2 George Street Yagoona, NSW 2199",43.66,54.26,,https://www.eventbrite.com/e/special-event-of-viet-pho-ft-colin-hennerz-tickets-895244098197?aff=ebdssbdestsearch,-33.90569106,151.0354097
56,Vivid In The Harbour - Light Show Cruise (All Ages),15/06/2024 19:00,,King St Wharf 3 - Cadman Cruises,"King Street Wharf 3 Darling Harbour, NSW 2000",38.45,38.45,Going fast,https://www.eventbrite.com.au/e/vivid-in-the-harbour-light-show-cruise-all-ages-tickets-894171259307?aff=ebdssbdestsearch,-33.86874701,151.2073617
57,Wharf Bar x Bondi Lines Saturday: Free Entry,15/06/2024 19:00,,Wharf Bar,"East Esplanade Manly, NSW 2095",0,0,,https://www.eventbrite.com.au/e/wharf-bar-x-bondi-lines-saturday-free-entry-tickets-558316629067?aff=ebdssbdestsearch,-33.80135163,151.2867377
58,Alain Johannes (CHL/USA) Katoomba,15/06/2024 20:00,180,The Baroque Room,"15 Katoomba Street Katoomba, NSW 2780",57.71,57.71,Going fast,https://www.eventbrite.com.au/e/alain-johannes-chlusa-katoomba-tickets-813686286587?aff=ebdssbdestsearch,-33.71311419,150.3109219
59,Bondi Lines x Argyle Saturday | Free pre 10pm and Discounted Anytime Entry,15/06/2024 20:00,,The Argyle,"18 Argyle Street The Rocks, NSW 2000",0,16.91,,https://www.eventbrite.com.au/e/bondi-lines-x-argyle-saturday-free-pre-10pm-and-discounted-anytime-entry-tickets-472074636947?aff=ebdssbdestsearch,-33.85870626,151.2078794
60,DJ ROCKY SHOW SATURDAY NIGHTS PLUMPTON HOTEL SONG REQUESTS ALL NIGHT LONG!,15/06/2024 20:00,,Plumpton Hotel,"556 Richmond Road Glendenning, NSW 2761",,,,https://www.eventbrite.com.au/e/dj-rocky-show-saturday-nights-plumpton-hotel-song-requests-all-night-long-tickets-391673264277?aff=ebdssbdestsearch,-33.74030932,150.8609943
61,"Soda Saturday - Free Entry & Drink pre 10pm, $10 Off Entry10pm-12am",15/06/2024 20:00,,The Soda Factory,"16 Wentworth Avenue Surry Hills, NSW 2010",0,0,,https://www.eventbrite.com.au/e/soda-saturday-free-entry-drink-pre-10pm-10-off-entry10pm-12am-tickets-461985931357?aff=ebdssbdestsearch,-33.87798409,151.2117896
62,The Argyle Saturdays ft. Timomatic // FREE & Discounted Entry // SYDVIP,15/06/2024 20:00,,The Argyle,"18 Argyle Street The Rocks, NSW 2000",0,11.9,,https://www.eventbrite.com.au/e/the-argyle-saturdays-ft-timomatic-free-discounted-entry-sydvip-tickets-908016470707?aff=ebdssbdestsearch,-33.85870626,151.2078794
63,"Throw Back - 80s, 90s, Noughties - Vivid Boat Party + Drone Show",15/06/2024 20:00,240,King Street Wharf,"35 The Promenade Sydney, NSW 2000",22.32,48.42,,https://www.eventbrite.com.au/e/throw-back-80s-90s-noughties-vivid-boat-party-drone-show-tickets-795782495867?aff=ebdssbdestsearch,-33.98591233,151.1316147
64,Homemade Saturdays - 15th June 2024,15/06/2024 21:00,,Home Main Venue,"101/1-5 Wheat Road Cockle Bay Wharf Darling Park, NSW 2000",16.5,27.5,,https://www.eventbrite.com.au/e/homemade-saturdays-15th-june-2024-tickets-865993639287?aff=ebdssbdestsearch,-33.8695335,151.2020692
65,La Cueva Superclub Saturdays | SYDNEY | SAT 15 JUN | OLD SCHOOL TAKEOVER,15/06/2024 21:00,540,CULT,"33 Bayswater Road Potts Point, NSW 2011",17.86,23.05,,https://www.eventbrite.com.au/e/la-cueva-superclub-saturdays-sydney-sat-15-jun-old-school-takeover-tickets-884732427507?aff=ebdssbdestsearch,-33.87530356,151.223794
66,Vivid In The Harbour Pass (18+),15/06/2024 21:00,,Vivid Pass Collection Point,"The Rawson (Rocks) or Home The Venue (Darling Harbour) Sydney, NSW 2000",28.07,28.07,,https://www.eventbrite.com.au/e/vivid-in-the-harbour-pass-18-tickets-911257605027?aff=ebdssbdestsearch,-33.8550394,151.2100755
67,CIRCUSCIRCUS SATURDAYS,15/06/2024 21:30,,Chicane Sydney,"22 Bayswater Road Potts Point, NSW 2011",21.13,33.76,,https://www.eventbrite.com/e/circuscircus-saturdays-tickets-848121392917?aff=ebdssbdestsearch,-33.87481133,151.223886
68,AFROBEATS vs AMAPIANO,15/06/2024 22:00,300,871 George St,"reet Sydney, NSW 2000",27.48,32.75,,https://www.eventbrite.com.au/e/afrobeats-vs-amapiano-tickets-919107333777?aff=ebdssbdestsearch,-33.8727635,151.2053446
69,"BOLLYWOOD RAVE at Blackbird,Darling Harbour, Sydney",15/06/2024 22:00,300,Blackbird Cafe,"Sydney, NSW 2000",27.19,52.25,,https://www.eventbrite.com.au/e/bollywood-rave-at-blackbirddarling-harbour-sydney-tickets-917227761927?aff=ebdssbdestsearch,-33.8727635,151.2053446
70,BollyVivid 2.0 - Neon Bollywood Party(Vivid Sydney Closing Night),15/06/2024 22:00,,The Flynn,"2A Bligh Street Sydney, NSW 2000",22.49,54.26,,https://www.eventbrite.com.au/e/bollyvivid-20-neon-bollywood-partyvivid-sydney-closing-night-tickets-887864967017?aff=ebdssbdestsearch,-33.8654819,151.2109092
71,Garry @ Oxford Underground ft. CESSY,15/06/2024 22:00,360,The Oxford Hotel,"134 Oxford Street Darlinghurst, NSW 2010",15,25,,https://www.eventbrite.com/e/garry-oxford-underground-ft-cessy-tickets-910541202247?aff=ebdssbdestsearch,-33.88021284,151.2167193
72,Latinos Vip Saturdays // Pre-Sale $10 Early Birds//,15/06/2024 22:00,,The Rawson,"100 George Street The Rocks, NSW 2000",11.9,17.19,,https://www.eventbrite.com/e/latinos-vip-saturdays-pre-sale-10-early-birds-tickets-898839963527?aff=ebdssbdestsearch,-33.8582186,151.20939
73,Mischief Madness 2,15/06/2024 22:00,,Burdekin Hotel,"2 Oxford Street Darlinghurst, NSW 2010",18.47,23.66,,https://www.eventbrite.com.au/e/mischief-madness-2-tickets-917163860797?aff=ebdssbdestsearch,-33.87713995,151.212953
74,WAVE CLUB,15/06/2024 22:00,330,WAVE CLUB,"396 Pitt Street Haymarket, NSW 2000",20,20,,https://www.eventbrite.com/e/wave-club-tickets-919470479957?aff=ebdssbdestsearch,-33.87833596,151.2076759
75,Club 505 // Weekly Indie Night // SATURDAYS,15/06/2024 22:30,,Burdekin Hotel,"2 Oxford Street Darlinghurst, NSW 2010",0,13.27,,https://www.eventbrite.com.au/e/club-505-weekly-indie-night-saturdays-tickets-860647649287?aff=ebdssbdestsearch,-33.87713995,151.212953
76,Sydney MicroFest 6,16/06/2024 14:00,360,"Kogarah School of Arts, Bowns Rd","Bowns Road Kogarah, NSW 2217",0,30,,https://www.eventbrite.com.au/e/sydney-microfest-6-tickets-892826547237?aff=ebdssbdestsearch,-33.96901863,151.1315096
77,One Song Sing,16/06/2024 15:00,120,Pearson Street Mall,"Pearson Street Charlestown, NSW 2290",10.84,11.9,,https://www.eventbrite.com.au/e/one-song-sing-tickets-858578219567?aff=ebdssbdestsearch,-32.96396068,151.6950561
78,Sunday 16th June: Coast Event,16/06/2024 15:00,420,Cafe del Mar Sydney,"35 Wheat Road Sydney, NSW 2000",14.55,43.66,Almost full,https://www.eventbrite.com/e/sunday-16th-june-coast-event-tickets-905922216737?aff=ebdssbdestsearch,-33.8730666,151.2021114
79,Sunday Sessions - Live Music @ Macs Beach Cafe,16/06/2024 16:30,,Macs Beach Cafe,"100 Marine Parade MacMasters Beach, NSW 2251",0,0,,https://www.eventbrite.com.au/e/sunday-sessions-live-music-macs-beach-cafe-tickets-616793635367?aff=ebdssbdestsearch,-33.50083587,151.4249701
80,Introduction to Music Production,19/06/2024 18:30,,"Studio 2166,  Level 1, Whitlam Library Cabramatta","165 Railway Parade Cabramatta, NSW 2166",,,,https://www.eventbrite.com.au/e/introduction-to-music-production-tickets-880593006387?aff=ebdssbdestsearch,-33.89255574,150.9387441
81,Reynolds & Co Studios Term 2 Gig,19/06/2024 19:00,120,TAB Exchange Hotel - Hamilton,"125 Denison Street Hamilton, NSW 2303",11.73,11.73,,https://www.eventbrite.com.au/e/reynolds-co-studios-term-2-gig-tickets-911879605447?aff=ebdssbdestsearch,-32.92541889,151.7469243
82,Backstage Pass - School Excursion (SYD),20/06/2024 10:00,,The Australian Institute of Music,"27 Nurses Walk The Rocks Sydney, NSW 2000",0,0,,https://www.eventbrite.com.au/e/backstage-pass-school-excursion-syd-tickets-743879663097?aff=ebdssbdestsearch,-33.86006476,151.2082115
83,Get Jiggy with It: Back to the 90s Party! Free Entry till 10pm,20/06/2024 10:00,120,"Schirrmo's Bar, Rawson Place, Haymarket NSW, Australia","11 Rawson Place YHA Building, Right next to Haymarket Light Rail Station Haymarket, NSW 2000",0,22.49,,https://www.eventbrite.com.au/e/get-jiggy-with-it-back-to-the-90s-party-free-entry-till-10pm-tickets-903666539947?aff=ebdssbdestsearch,-33.88167787,151.2053196
84,BEATS BINGO - Movie & TV Soundtracks [MACQUARIE] at TGI Fridays,20/06/2024 18:30,120,TGI Fridays Macquarie,"454 Herring Road North Ryde, NSW 2113",0,0,,https://www.eventbrite.com.au/e/beats-bingo-movie-tv-soundtracks-macquarie-at-tgi-fridays-tickets-881669656677?aff=ebdssbdestsearch,-33.77822229,151.1173208
85,American Sports Single Launch,21/06/2024 18:30,,Burdekin Hotel,"2 Oxford St Darlinghurst, NSW 2010",20,20,,https://www.eventbrite.com.au/e/american-sports-single-launch-tickets-884645266807?aff=ebdssbdestsearch,-33.87713995,151.212953
86,The catholics,21/06/2024 20:30,150,Foundry 616,"616 Harris Street Ultimo, NSW 2007",36.6,97.15,,https://www.eventbrite.com.au/e/the-catholics-tickets-913344607307?aff=ebdssbdestsearch,-33.88059765,151.2004608
87,SO GLADDY: Vol #6 (So Fresh 2000s Party),21/06/2024 21:00,360,The Lord Gladstone Hotel,"115 Regent Street Chippendale, NSW 2008",15,15,,https://www.eventbrite.com.au/e/so-gladdy-vol-6-so-fresh-2000s-party-tickets-898649172867?aff=ebdssbdestsearch,-33.88780328,151.2012996
88,STEPPERS ft. Killjoy (UK) & Sanchez X,21/06/2024 21:00,480,231 Oxford St,"reet Darlinghurst, NSW 2010",17.19,27.78,,https://www.eventbrite.com.au/e/steppers-ft-killjoy-uk-sanchez-x-tickets-915061733277?aff=ebdssbdestsearch,-33.87908769,151.2206341
89,FRI 21 JUNE - WAO SUPERCLUB @ IVY,21/06/2024 21:30,,ivy precinct,"330 George Street Sydney, NSW 2000",22,60.5,,https://www.eventbrite.com.au/e/fri-21-june-wao-superclub-ivy-tickets-906017160717?aff=ebdssbdestsearch,-33.86662343,151.2074597
90,G NIGHTCLUB - LAUNCH PARTY,21/06/2024 22:00,300,Noir Sydney,"163 Oxford Street Darlinghurst, NSW 2010",27.78,33.08,,https://www.eventbrite.com.au/e/g-nightclub-launch-party-tickets-906837474297?aff=ebdssbdestsearch,-33.880349,151.2160857
91,Melodrama: A Sad Girl Indie Party - Sydney (Plus One Co),21/06/2024 22:00,,Tokio Hotel,"101/1-5 Wheat Road Cockle Bay Wharf Darling Park, NSW 2000",14.88,24.2,,https://www.eventbrite.com.au/e/melodrama-a-sad-girl-indie-party-sydney-plus-one-co-tickets-899688090297?aff=ebdssbdestsearch,-33.8695335,151.2020692
92,Pibe Cantina x Dia de la Bandera | FRI 21 JUN | Kent St Hotel,21/06/2024 22:00,360,Kent Street Hotel,"349 Kent St Sydney, NSW 2000",0,12.68,,https://www.eventbrite.com.au/e/pibe-cantina-x-dia-de-la-bandera-fri-21-jun-kent-st-hotel-tickets-884317245687?aff=ebdssbdestsearch,-33.8695835,151.2046902
93,WINTER SOLSTICE ECSTATIC DANCE,22/06/2024 17:30,,Body Mind Flow,"57 Argyle Street Camden, NSW 2570",53.19,74.37,,https://www.eventbrite.com.au/e/winter-solstice-ecstatic-dance-tickets-860627970427?aff=ebdssbdestsearch,-34.0536099,150.6972415
94,Rah! Records Present Winter Heat,22/06/2024 20:00,210,MoshPit,"642A King Street Erskineville, NSW 2043",10,10,,https://www.eventbrite.com.au/e/rah-records-present-winter-heat-tickets-917701819847?aff=ebdssbdestsearch,-33.90547317,151.1811163
95,SLAYQUEST,22/06/2024 20:00,,Burdekin Hotel,"2 Oxford St Darlinghurst, NSW 2010",25,25,,https://www.eventbrite.com.au/e/slayquest-tickets-885419953917?aff=ebdssbdestsearch,-33.87713995,151.212953
96,"Bollywood Club-KALA CHASHMA At Alice, Sydney",22/06/2024 21:00,,16 Argyle St,"reet The Rocks, NSW 2000",31.74,1107.37,,https://www.eventbrite.com.au/e/bollywood-club-kala-chashma-at-alice-sydney-tickets-907432002547?aff=ebdssbdestsearch,-33.85693817,151.2103843
97,DUTTY DANCING,22/06/2024 21:00,,The Barrie,"107-109 Regent Street Chippendale, NSW 2008",20,30,,https://www.eventbrite.com.au/e/dutty-dancing-tickets-911174466357?aff=ebdssbdestsearch,-33.88735259,151.2013198
98,JUST DANCEHALL UNDERGROUND,22/06/2024 21:00,360,KX Social Club,"24 Bayswater Road Potts Point, NSW 2011",22.49,27.78,,https://www.eventbrite.com.au/e/just-dancehall-underground-tickets-919980836447?aff=ebdssbdestsearch,-33.87481133,151.223886
99,"Bollywood Gen Z Party at Blackbird, Darling Harbour, Sydney",22/06/2024 22:00,300,Blackbird Cafe,"Wheat Road Balcony Level 1 Cockle Bay Wharf Darling Harbour Sydney, NSW 2000",27.19,52.25,Going fast,https://www.eventbrite.com.au/e/bollywood-gen-z-party-at-blackbird-darling-harbour-sydney-tickets-905810031187?aff=ebdssbdestsearch,-33.8727635,151.2053446
100,Hyperpop Rave Sydney,22/06/2024 23:00,,Oxford Art Factory,"46 Oxford Street #38 Darlinghurst, NSW 2010",26.74,26.74,,https://www.eventbrite.com.au/e/hyperpop-rave-sydney-tickets-885952928057?aff=ebdssbdestsearch,-33.87784571,151.2139323
101,"The Whiffenpoofs - Parliament House, Sydney",24/06/2024 10:45,105,"Jubilee Room, Parliament House","6 Macquarie Street Sydney, NSW 2000",65,65,Almost full,https://www.eventbrite.com.au/e/the-whiffenpoofs-parliament-house-sydney-tickets-905734304687?aff=ebdssbdestsearch,-33.86738924,151.213051
102,The White Tree Band Showcase Gig,25/06/2024 18:30,120,Low 302,"302 Crown Street Surry Hills, NSW 2010",0,0,,https://www.eventbrite.com.au/e/the-white-tree-band-showcase-gig-tickets-918582784837?aff=ebdssbdestsearch,-33.88046706,151.2152257
103,DEADNERVE Unto Death Tour @ The Burdekin Hotel Sydney,28/06/2024 18:00,,Burdekin Hotel,"2 Oxford St Darlinghurst, NSW 2010",27.84,27.84,,https://www.eventbrite.com.au/e/deadnerve-unto-death-tour-the-burdekin-hotel-sydney-tickets-907389264717?aff=ebdssbdestsearch,-33.87713995,151.212953
104,Central Coast Acoustic Songwriter Sessions  at The Entrance Lake House,28/06/2024 19:00,,The Entrance Lake House,"27 The Entrance Road The Entrance, NSW 2261",25,25,,https://www.eventbrite.com.au/e/central-coast-acoustic-songwriter-sessions-at-the-entrance-lake-house-tickets-643537165987?aff=ebdssbdestsearch,-33.33825172,151.4966072
105,"Zombeaches w/ Baby Mullet, Runnin' Hot & Laura Panic at Elton Chong's",28/06/2024 19:30,240,Elton Chong,"388 High Street Penrith, NSW 2750",17.72,17.72,,https://www.eventbrite.com/e/zombeaches-w-baby-mullet-runnin-hot-laura-panic-at-elton-chongs-tickets-894907310857?aff=ebdssbdestsearch,-33.75399735,150.6982008
106,"[SYD] TITI Mini Show ft Inception, Alu, Tranzmatikk, Emi, DK, Ket & more...",28/06/2024 19:30,,Việt Phố Entertainment,"2 George Street Yagoona, NSW 2199",54.26,160.14,,https://www.eventbrite.com.au/e/syd-titi-mini-show-ft-inception-alu-tranzmatikk-emi-dk-ket-more-tickets-915838737317?aff=ebdssbdestsearch,-33.90569106,151.0354097
107,50/50 Full Circle,28/06/2024 21:00,360,Burdekin Hotel,"2 Oxford Street Darlinghurst, NSW 2010",21.79,28.86,Going fast,https://www.eventbrite.com.au/e/5050-full-circle-tickets-848046298307?aff=ebdssbdestsearch,-33.87713995,151.212953
108,AREA 91 – 50 Shades of Brown,28/06/2024 21:00,360,ARQ Sydney,"16 Flinders Street Darlinghurst, NSW 2010",25.29,37.39,,https://www.eventbrite.com.au/e/area-91-50-shades-of-brown-tickets-906526353727?aff=ebdssbdestsearch,-33.88146665,151.2173708
109,FerxxoCalipsis 2  Deluxe Edition,28/06/2024 21:00,360,22 Bayswater Rd,"22 Bayswater Road Potts Point, NSW 2011",22.49,33.08,,https://www.eventbrite.com.au/e/ferxxocalipsis-2-deluxe-edition-tickets-921483852007?aff=ebdssbdestsearch,-33.87481133,151.223886
110,NICKI NIGHT | FRI 28TH JUNE | PRIDE MONTH CLOSING PARTY,28/06/2024 21:00,,Oxford Street,"Sydney, NSW 2000",9.25,17.19,,https://www.eventbrite.com.au/e/nicki-night-fri-28th-june-pride-month-closing-party-tickets-902952243467?aff=ebdssbdestsearch,-33.8727635,151.2053446
111,STEPPERS ft. Original Sin (UK),28/06/2024 21:00,480,231 Oxford St,"reet Darlinghurst, NSW 2010",22.49,43.66,,https://www.eventbrite.com.au/e/steppers-ft-original-sin-uk-tickets-918657187377?aff=ebdssbdestsearch,-33.87908769,151.2206341
112,"Sandbox ft. HIJCKD, FOVOS (NZ) & TAZI (ADL)",28/06/2024 21:00,360,Home The Venue,"1-5 Wheat Road #101 Sydney, NSW 2000",28.5,70.61,,https://www.eventbrite.com/e/sandbox-ft-hijckd-fovos-nz-tazi-adl-tickets-918658210437?aff=ebdssbdestsearch,-33.8695335,151.2020692
113,FRI 28 JUNE - WAO SUPERCLUB @ IVY,28/06/2024 21:30,,ivy precinct,"330 George Street Sydney, NSW 2000",22,60.5,,https://www.eventbrite.com.au/e/fri-28-june-wao-superclub-ivy-tickets-906019908937?aff=ebdssbdestsearch,-33.86662343,151.2074597
114,Bollywood Prom Night,28/06/2024 22:00,,The Flynn,"2A Bligh Street Sydney, NSW 2000",22.49,54.26,,https://www.eventbrite.com.au/e/bollywood-prom-night-tickets-913089464167?aff=ebdssbdestsearch,-33.8654819,151.2109092
115,Cloud 909 ~ Jex Opolis (Good Timin' / Dekmantel) B2B Lauren Hansom,28/06/2024 22:00,300,the six:twelve,"6-12 Harbour Street Sydney, NSW 2000",27.09,42.72,,https://www.eventbrite.com/e/cloud-909-jex-opolis-good-timin-dekmantel-b2b-lauren-hansom-tickets-916917624297?aff=ebdssbdestsearch,-33.87634891,151.2040257
116,Pibe Cantina x Full Turreo | FRI 28 JUN | Kent St Hotel,28/06/2024 22:00,360,Kent Street Hotel,"349 Kent St Sydney, NSW 2000",0,12.68,,https://www.eventbrite.com.au/e/pibe-cantina-x-full-turreo-fri-28-jun-kent-st-hotel-tickets-884317265747?aff=ebdssbdestsearch,-33.8695835,151.2046902
117,Sabrina Carpenter Party - Sydney,28/06/2024 22:00,,Tokio Hotel,"101/1-5 Wheat Road Cockle Bay Wharf Darling Park, NSW 2000",15.03,24.2,,https://www.eventbrite.com.au/e/sabrina-carpenter-party-sydney-tickets-919268957197?aff=ebdssbdestsearch,-33.8695335,151.2020692
118,Sabrina Carpenter Party Sydney,28/06/2024 23:00,,Oxford Art Factory,"46 Oxford Street #38 Darlinghurst, NSW 2010",11.29,26.74,,https://www.eventbrite.com.au/e/sabrina-carpenter-party-sydney-tickets-896799881587?aff=ebdssbdestsearch,-33.87784571,151.2139323
119,SWIFTIE RODEO - Taylor Swift Night Sydney,28/06/2024 23:45,,Oxford Art Factory,"46 Oxford Street #38 Darlinghurst, NSW 2010",11.29,31.89,,https://www.eventbrite.com.au/e/swiftie-rodeo-taylor-swift-night-sydney-tickets-893606409827?aff=ebdssbdestsearch,-33.87784571,151.2139323
120,Yusuf Saleem World Tour 2024 - Sydney,29/06/2024 4:30,90,International Terminal 1,"Departure Plaza Mascot, NSW 2020",0,360.26,,https://www.eventbrite.com/e/yusuf-saleem-world-tour-2024-sydney-tickets-913306593607?aff=ebdssbdestsearch,-33.93590079,151.1659561
121,Choir Singalong,29/06/2024 10:00,60,North Sydney Community Centre,"220 Miller Street North Sydney, NSW 2060",0,0,,https://www.eventbrite.com.au/e/choir-singalong-tickets-920554682837?aff=ebdssbdestsearch,-33.83350724,151.2067918
122,Lake Macquarie Winds Concert Band,29/06/2024 14:00,120,"Rathmines Theatre, nawayiba","Stilling Street & Dorrington Road Intersection Rathmines, NSW 2283",0,0,,https://www.eventbrite.com.au/e/lake-macquarie-winds-concert-band-tickets-754324182937?aff=ebdssbdestsearch,-33.04171759,151.5950728
123,Crush Reunion Part 2 Harbour Cruise - Boat Party - 29/6/24,29/06/2024 18:30,270,King Street Wharf 7,"Lime Street Sydney, NSW 2000",42.61,53.19,Going fast,https://www.eventbrite.com.au/e/crush-reunion-part-2-harbour-cruise-boat-party-29624-tickets-909574009347?aff=ebdssbdestsearch,-33.86721169,151.2018565
124,THE GANG 2,29/06/2024 19:00,360,Viet Pho Restaurant and KTV,"313 Chapel Road Bankstown, NSW 2200",30,30,,https://www.eventbrite.com/e/the-gang-2-tickets-919304924777?aff=ebdssbdestsearch,-33.91919284,151.0322566
125,AM//PM Emo Night // Sydney June 29,29/06/2024 20:00,,Burdekin Hotel,"2 Oxford St Darlinghurst, NSW 2010",17.5,25,,https://www.eventbrite.com.au/e/ampm-emo-night-sydney-june-29-tickets-913689669397?aff=ebdssbdestsearch,-33.87713995,151.212953
126,RNB SUPERCLUB @ THE ARGYLE!,29/06/2024 20:00,420,The Argyle,"18 Argyle Street The Rocks, NSW 2000",0,31.53,,https://www.eventbrite.com/e/rnb-superclub-the-argyle-tickets-914210557387?aff=ebdssbdestsearch,-33.85870626,151.2078794
127,The Argyle Saturdays // FREE & Discounted Entry // SYDVIP,29/06/2024 20:00,,The Argyle,"18 Argyle Street The Rocks, NSW 2000",0,11.9,,https://www.eventbrite.com.au/e/the-argyle-saturdays-free-discounted-entry-sydvip-tickets-918720566947?aff=ebdssbdestsearch,-33.85870626,151.2078794
128,"Throw Back - 80s, 90s, Noughties - Boat Party",29/06/2024 20:00,240,King Street Wharf,"35 The Promenade Sydney, NSW 2000",22.32,43.2,,https://www.eventbrite.com.au/e/throw-back-80s-90s-noughties-boat-party-tickets-872281676977?aff=ebdssbdestsearch,-33.98591233,151.1316147
129,Chammak Challo - Bollywood Night @ OAF,29/06/2024 21:00,360,Oxford Art Factory,"46 Oxford Street #38 Darlinghurst, NSW 2010",27.78,53.19,,https://www.eventbrite.com.au/e/chammak-challo-bollywood-night-oaf-tickets-916854866587?aff=ebdssbdestsearch,-33.87784571,151.2139323
130,LEVELS SYDNEY 2024,29/06/2024 21:00,,Chicane Sydney,"22 Bayswater Road Potts Point, NSW 2011",16.9,32.69,,https://www.eventbrite.com.au/e/levels-sydney-2024-tickets-818100369227?aff=ebdssbdestsearch,-33.87481133,151.223886
131,"Bollywood Saturday Night at Blackbird, Darling Harbour, Sydney",29/06/2024 22:00,,Blackbird Cafe,"Wheat Road Balcony Level 1 Cockle Bay Wharf Darling Harbour Sydney, NSW 2000",27.19,470.89,,https://www.eventbrite.com.au/e/bollywood-saturday-night-at-blackbird-darling-harbour-sydney-tickets-916803743677?aff=ebdssbdestsearch,-33.8727635,151.2053446
132,Sims Rave Sydney,29/06/2024 23:45,,Oxford Art Factory,"46 Oxford Street #38 Darlinghurst, NSW 2010",11.29,21.59,,https://www.eventbrite.com.au/e/sims-rave-sydney-tickets-881173923927?aff=ebdssbdestsearch,-33.87784571,151.2139323
133,"Opera in the Pub at The Union - ""Heroes and Villains""",30/06/2024 14:00,120,The Union Hotel,"271 Pacific Highway North Sydney, NSW 2060",48.96,48.96,,https://www.eventbrite.com.au/e/opera-in-the-pub-at-the-union-heroes-and-villains-tickets-914375992207?aff=ebdssbdestsearch,-33.83340695,151.2050094
134,"Term 2, 2024 Live Lounge  - Newcastle",30/06/2024 17:30,180,Wests City,"309 King Street Newcastle West, NSW 2302",0,0,,https://www.eventbrite.com.au/e/term-2-2024-live-lounge-newcastle-tickets-873024217937?aff=ebdssbdestsearch,-32.92875296,151.7659075
135,Australian International Music Festival - Chatswood Concourse Adjudication,1/07/2024 12:00,150,Chatswood Concourse,"409 Victoria Avenue Chatswood, NSW 2067",0,0,Going fast,https://www.eventbrite.com.au/e/australian-international-music-festival-chatswood-concourse-adjudication-tickets-917670476097?aff=ebdssbdestsearch,-33.79557171,151.1844578
136,"Opera in the Pub at The Harold - ""Heroes and Villains""",2/07/2024 19:30,120,The Harold,"70A Ross Street Forest Lodge, NSW 2037",48.96,48.96,,https://www.eventbrite.com.au/e/opera-in-the-pub-at-the-harold-heroes-and-villains-tickets-913698014357?aff=ebdssbdestsearch,-33.88020509,151.1805259
137,Musicians' Meet-Up: July,3/07/2024 18:30,,"Studio 2166,  Level 1, Whitlam Library Cabramatta","165 Railway Parade Cabramatta, NSW 2166",,,,https://www.eventbrite.com.au/e/musicians-meet-up-july-tickets-891433721257?aff=ebdssbdestsearch,-33.89255574,150.9387441
138,Annaliesa Rose & the Buds,3/07/2024 20:30,150,Foundry 616,"616 Harris Street Ultimo, NSW 2007",21.98,48.08,,https://www.eventbrite.com.au/e/annaliesa-rose-the-buds-tickets-921259982407?aff=ebdssbdestsearch,-33.88059765,151.2004608
139,Chloe Gill Single Launch: Firework Night,5/07/2024 18:00,180,The Conservatorium of Music,"Corner of Auckland and Laman Streets Newcastle, NSW 2300",22.49,22.49,,https://www.eventbrite.com.au/e/chloe-gill-single-launch-firework-night-tickets-913672989507?aff=ebdssbdestsearch,-32.92930759,151.7711008
140,5 ANIVERSARIO MAS FLOW SYDNEY,5/07/2024 21:30,450,ARQ Sydney,"16 Flinders Street Darlinghurst, NSW 2010",27.78,36,,https://www.eventbrite.com.au/e/5-aniversario-mas-flow-sydney-tickets-914114580317?aff=ebdssbdestsearch,-33.88146665,151.2173708
141,FRI 5 JUL - WAO SUPERCLUB @ IVY,5/07/2024 21:30,,ivy precinct,"330 George Street Sydney, NSW 2000",22,60.5,,https://www.eventbrite.com.au/e/fri-5-jul-wao-superclub-ivy-tickets-920464934397?aff=ebdssbdestsearch,-33.86662343,151.2074597
142,Aname Sydney,5/07/2024 22:00,,Civic Underground,"388 Pitt St Sydney, NSW 2000",38.2,45.34,,https://www.eventbrite.com.au/e/aname-sydney-tickets-907241924017?aff=ebdssbdestsearch,-33.87794302,151.2077358
143,Pibe Cantina x Tributo a Tini | FRI 5 JUL | Kent St Hotel,5/07/2024 22:00,360,Kent Street Hotel,"349 Kent St Sydney, NSW 2000",0,12.68,,https://www.eventbrite.com.au/e/pibe-cantina-x-tributo-a-tini-fri-5-jul-kent-st-hotel-tickets-884317275777?aff=ebdssbdestsearch,-33.8695835,151.2046902
144,Lana Del Rave Sydney,5/07/2024 23:00,,Oxford Art Factory,"46 Oxford Street #38 Darlinghurst, NSW 2010",11.29,21.59,,https://www.eventbrite.com.au/e/lana-del-rave-sydney-tickets-913706600037?aff=ebdssbdestsearch,-33.87784571,151.2139323
145,MOOD DOK Sydney Dance Workshop 2024,6/07/2024 17:00,240,IMI DANCE / IMI ENT,"9 East Street Lidcombe, NSW 2141",53.19,117.79,,https://www.eventbrite.com.au/e/mood-dok-sydney-dance-workshop-2024-tickets-916500777497?aff=ebdssbdestsearch,-33.86574718,151.0474234
146,KIRTAN JAM! A Free Event! 7pm,6/07/2024 19:00,,Hearts Landing | Heart Healing Arts,"2/217 West St Umina Beach, NSW 2257",0,0,Going fast,https://www.eventbrite.com.au/e/kirtan-jam-a-free-event-7pm-tickets-485285220157?aff=ebdssbdestsearch,-33.52161801,151.3224099
147,Lamphead EP tour,6/07/2024 19:00,,Burdekin Hotel,"2 Oxford St Darlinghurst, NSW 2010",22.67,22.67,,https://www.eventbrite.com.au/e/lamphead-ep-tour-tickets-915037922057?aff=ebdssbdestsearch,-33.87713995,151.212953
148,Mystopia presents: BURN WINTER,6/07/2024 20:00,420,Burdekin Hotel,"2 Oxford Street Darlinghurst, NSW 2010",39.24,80.78,,https://www.eventbrite.com.au/e/mystopia-presents-burn-winter-tickets-899989341347?aff=ebdssbdestsearch,-33.87713995,151.212953
149,BACK TO 2000'S VIBEZ,6/07/2024 21:00,,Schirrmo's Bar,"11 Rawson Place Haymarket, NSW 2000",22.49,22.49,Sales end soon,https://www.eventbrite.com.au/e/back-to-2000s-vibez-tickets-920884549477?aff=ebdssbdestsearch,-33.88167787,151.2053196
150,"Bollywood Saturdays at Blackbird, Darling Harbour, Sydney",6/07/2024 22:00,,Blackbird Cafe,"Wheat Road Balcony Level 1 Cockle Bay Wharf Darling Harbour Sydney, NSW 2000",27.19,470.89,,https://www.eventbrite.com.au/e/bollywood-saturdays-at-blackbird-darling-harbour-sydney-tickets-916816632227?aff=ebdssbdestsearch,-33.8727635,151.2053446
151,Music Evening,7/07/2024 18:00,120,15 Pine Ave,"nue Little Bay, NSW 2036",33.08,33.08,,https://www.eventbrite.com/e/music-evening-tickets-906001624247?aff=ebdssbdestsearch,-33.98092045,151.244716
152,Music Camp: A Creative Holiday Program Curated for Students aged 8-15,9/07/2024 9:00,,shop 1/17 Green St,"17 Green Street #shop 1 Maroubra, NSW 2035",128.37,446.03,,https://www.eventbrite.com.au/e/music-camp-a-creative-holiday-program-curated-for-students-aged-8-15-tickets-920423590737?aff=ebdssbdestsearch,-33.94137508,151.2397462
153,Hey Diddle Diddle,9/07/2024 10:30,40,Life Congregational Church Hall,"Corner of Ferdinand and Alexandra Street Hunters Hill, NSW 2110",29.12,47.66,,https://www.eventbrite.com.au/e/hey-diddle-diddle-tickets-898822531387?aff=ebdssbdestsearch,-33.8344989,151.1517912
154,Global Folk for Little Folk,10/07/2024 10:30,40,Tramsheds -Harold Park Community Hall,"Level 1 1 Dalgal Way Forest Lodge, NSW 2037",29.12,47.66,,https://www.eventbrite.com.au/e/global-folk-for-little-folk-tickets-916885187277?aff=ebdssbdestsearch,-33.87642221,151.1780541
155,Sinister Rituals 02,12/07/2024 20:00,420,Burdekin Hotel,"2 Oxford Street Darlinghurst, NSW 2010",13.27,28.86,,https://www.eventbrite.com.au/e/sinister-rituals-02-tickets-887372413777?aff=ebdssbdestsearch,-33.87713995,151.212953
156,FRI 12 JUL - WAO SUPERCLUB @ IVY,12/07/2024 21:30,,ivy precinct,"330 George Street Sydney, NSW 2000",22,60.5,,https://www.eventbrite.com.au/e/fri-12-jul-wao-superclub-ivy-tickets-920465857157?aff=ebdssbdestsearch,-33.86662343,151.2074597
157,SWAMPED,13/07/2024 19:00,298,Marrickville Bowling & Recreation Club,"91 Sydenham Road Marrickville, NSW 2204",27.78,27.78,,https://www.eventbrite.com.au/e/swamped-tickets-908630788147?aff=ebdssbdestsearch,-33.91052436,151.1641481
158,The Oils Tribute,13/07/2024 20:00,180,Club Belrose,"146 Forest Way Belrose, NSW 2085",22.49,22.49,,https://www.eventbrite.com.au/e/the-oils-tribute-tickets-781677427227?aff=ebdssbdestsearch,-33.73404443,151.2199001
159,Way Back When - A Night Of Classic Trance,13/07/2024 20:00,,Oxford Underground,"134 Oxford St Darlinghurst, NSW 2010",42.61,42.61,,https://www.eventbrite.com.au/e/way-back-when-a-night-of-classic-trance-tickets-899746254267?aff=ebdssbdestsearch,-33.88021284,151.2167193
160,The Anna Weaving Collective,13/07/2024 20:30,150,Foundry 616,"616 Harris Street Ultimo, NSW 2007",34.51,95.06,,https://www.eventbrite.com.au/e/the-anna-weaving-collective-tickets-913447174087?aff=ebdssbdestsearch,-33.88059765,151.2004608
161,Bark Division: 1st Birthday Ft Boxxy & Sillybitchesdie,13/07/2024 21:00,360,Burdekin Hotel,"2 Oxford Street Darlinghurst, NSW 2010",18.47,28.86,,https://www.eventbrite.com.au/e/bark-division-1st-birthday-ft-boxxy-sillybitchesdie-tickets-920537350997?aff=ebdssbdestsearch,-33.87713995,151.212953
162,So Fresh Party Sydney,13/07/2024 23:00,,Oxford Art Factory,"46 Oxford Street #38 Darlinghurst, NSW 2010",11.29,21.59,,https://www.eventbrite.com.au/e/so-fresh-party-sydney-tickets-913725927847?aff=ebdssbdestsearch,-33.87784571,151.2139323
163,Gamers Rave Sydney,13/07/2024 23:45,,Oxford Art Factory,"46 Oxford Street #38 Darlinghurst, NSW 2010",11.29,26.74,,https://www.eventbrite.com.au/e/gamers-rave-sydney-tickets-857629160907?aff=ebdssbdestsearch,-33.87784571,151.2139323
164,Live Music at Maestria,14/07/2024 19:00,180,Maestria Restaurant & Bar,"1 Homebush Bay Drive #Shop 1 Rhodes, NSW 2138",0,0,,https://www.eventbrite.com.au/e/live-music-at-maestria-tickets-914935776537?aff=ebdssbdestsearch,-33.83390375,151.0880357
165,Cinematic Sounds - School Holiday Workshop,16/07/2024 9:00,360,The Conservatorium of Music,"Corner of Auckland and Laman Streets Newcastle, NSW 2300",128.37,128.37,,https://www.eventbrite.com.au/e/cinematic-sounds-school-holiday-workshop-tickets-918535112247?aff=ebdssbdestsearch,-32.92930759,151.7711008
166,Electronic Music Performance Workshop - School Holiday Workshop,17/07/2024 9:00,360,The Conservatorium of Music,"Corner of Auckland and Laman Streets Newcastle, NSW 2300",86.02,86.02,,https://www.eventbrite.com.au/e/electronic-music-performance-workshop-school-holiday-workshop-tickets-918585954317?aff=ebdssbdestsearch,-32.92930759,151.7711008
167,Percussion Workshop,17/07/2024 9:00,270,The Conservatorium of Music,"Corner of Auckland and Laman Streets Newcastle, NSW 2300",86.02,86.02,,https://www.eventbrite.com.au/e/percussion-workshop-tickets-918581511027?aff=ebdssbdestsearch,-32.92930759,151.7711008
168,BLEND 2 | Composition Concert,18/07/2024 16:00,180,66 Harrington St,"reet The Rocks, NSW 2000",0,0,,https://www.eventbrite.com.au/e/blend-2-composition-concert-tickets-860637769737?aff=ebdssbdestsearch,-33.85693817,151.2103843
169,"An Evening with Carlotta Centanni: Italian Classics, Jazz, and Bossa Nova",19/07/2024 19:30,120,Cardea Sydney,"300 Barangaroo Avenue #Shop 2, T3.01 Barangaroo, NSW 2000",43.66,107.19,,https://www.eventbrite.com.au/e/an-evening-with-carlotta-centanni-italian-classics-jazz-and-bossa-nova-tickets-905824975887?aff=ebdssbdestsearch,-33.86512546,151.202201
170,Hoshi Pre Party,19/07/2024 20:00,,Home Main Venue,"101/1-5 Wheat Road Cockle Bay Wharf Darling Park, NSW 2000",38.5,60.5,,https://www.eventbrite.com.au/e/hoshi-pre-party-tickets-888034855157?aff=ebdssbdestsearch,-33.8695335,151.2020692
171,FRI 19 JUL - WAO SUPERCLUB @ IVY,19/07/2024 21:30,,ivy precinct,"330 George Street Sydney, NSW 2000",22,60.5,,https://www.eventbrite.com.au/e/fri-19-jul-wao-superclub-ivy-tickets-920469327537?aff=ebdssbdestsearch,-33.86662343,151.2074597
172,Pibe Cantina x Dia del Amigo | FRI 19 JUL | Kent St Hotel,19/07/2024 22:00,360,Kent Street Hotel,"349 Kent St Sydney, NSW 2000",0,12.68,,https://www.eventbrite.com/e/pibe-cantina-x-dia-del-amigo-fri-19-jul-kent-st-hotel-tickets-884317325927?aff=ebdssbdestsearch,-33.8695835,151.2046902
173,Care Bears Rave Sydney,19/07/2024 23:00,,Oxford Art Factory,"46 Oxford Street #38 Darlinghurst, NSW 2010",11.29,26.74,,https://www.eventbrite.com.au/e/care-bears-rave-sydney-tickets-901992723517?aff=ebdssbdestsearch,-33.87784571,151.2139323
174,Winter Country Music Night - Emu Hall,20/07/2024 17:00,300,Emu Hall Bar & Kitchen,"2-26 Great Western Highway Emu Plains, NSW 2750",17.19,17.19,Almost full,https://www.eventbrite.com.au/e/winter-country-music-night-emu-hall-tickets-915059737307?aff=ebdssbdestsearch,-33.74608257,150.67953
175,FROSTBITTEN WEEKEND,20/07/2024 18:30,,Burdekin Hotel,"2 Oxford St Darlinghurst, NSW 2010",27.84,27.84,,https://www.eventbrite.com.au/e/frostbitten-weekend-tickets-900844398847?aff=ebdssbdestsearch,-33.87713995,151.212953
176,Karise Eden,20/07/2024 19:00,240,Bowral Bowling Club,"40 Shepherd Street Bowral, NSW 2576",43.66,551.91,,https://www.eventbrite.com.au/e/karise-eden-tickets-877678087787?aff=ebdssbdestsearch,-34.48034152,150.4259447
177,Sensitive Instruments,20/07/2024 20:00,90,Local Edition,"279 Broadway On the corner of Broadway and Glebe Point Rd Glebe, NSW 2037",27.78,40.49,,https://www.eventbrite.com/e/sensitive-instruments-tickets-906630796117?aff=ebdssbdestsearch,-33.88451389,151.1929745
178,Shenanigans,20/07/2024 20:00,420,The Lass O'Gowrie Hotel,"14 Railway Street Wickham, NSW 2293",15,27.78,,https://www.eventbrite.com.au/e/shenanigans-tickets-920464493077?aff=ebdssbdestsearch,-32.92232517,151.7560276
179,My Chemical Romance Ball (Sydney),20/07/2024 21:00,300,The Imperial Erskineville,"35 Erskineville Road Erskineville, NSW 2043",18.26,27.78,,https://www.eventbrite.com.au/e/my-chemical-romance-ball-sydney-tickets-911181728077?aff=ebdssbdestsearch,-33.89927605,151.1826033
180,Road to '24 AXIX Live in Sydney,21/07/2024 20:00,,Home Main Venue,"101/1-5 Wheat Road Cockle Bay Wharf Darling Park, NSW 2000",55,88,,https://www.eventbrite.com.au/e/road-to-24-axix-live-in-sydney-tickets-920548765137?aff=ebdssbdestsearch,-33.8695335,151.2020692
181,Music in Me Summit 2024,22/07/2024 8:30,420,ACO Pier 2/3,"13A Hickson Road #Suite 3 Dawes Point, NSW 2000",43.33,159.22,,https://www.eventbrite.com.au/e/music-in-me-summit-2024-tickets-895788376147?aff=ebdssbdestsearch,-33.85485192,151.2069478
182,Live Music Lake Mac & HIT Productions presents Buddy Knox Project,24/07/2024 18:30,210,"Warners Bay Theatre, baramayiba","39 Lake Street Warners Bay, NSW 2282",48.6,53.87,,https://www.eventbrite.com.au/e/live-music-lake-mac-hit-productions-presents-buddy-knox-project-tickets-755098940257?aff=ebdssbdestsearch,-32.972289,151.6457344
183,BEATS BINGO - RnB Fridays [MACQUARIE] at TGI Fridays,25/07/2024 18:30,120,TGI Fridays Macquarie,"454 Herring Road North Ryde, NSW 2113",0,0,,https://www.eventbrite.com.au/e/beats-bingo-rnb-fridays-macquarie-at-tgi-fridays-tickets-911042270957?aff=ebdssbdestsearch,-33.77822229,151.1173208
184,LES FEMMES - Dinner & Show at Cardea,25/07/2024 19:00,,Cardea Sydney,"300 Barangaroo Avenue #Shop 2, T3.01 Barangaroo, NSW 2000",33.08,128.37,,https://www.eventbrite.com.au/e/les-femmes-dinner-show-at-cardea-tickets-799156046247?aff=ebdssbdestsearch,-33.86512546,151.202201
185,"colourblind S/T Album Launch, Sydney",26/07/2024 19:30,,Burdekin Hotel,"2 Oxford St Darlinghurst, NSW 2010",20,20,,https://www.eventbrite.com.au/e/colourblind-st-album-launch-sydney-tickets-917142988367?aff=ebdssbdestsearch,-33.87713995,151.212953
186,FRI 26 JUL - WAO SUPERCLUB @ IVY,26/07/2024 21:30,,ivy precinct,"330 George Street Sydney, NSW 2000",22,60.5,,https://www.eventbrite.com.au/e/fri-26-jul-wao-superclub-ivy-tickets-920470952397?aff=ebdssbdestsearch,-33.86662343,151.2074597
187,The Wacky Wonderland Tour,27/07/2024 3:00,900,"MoshPit, King Street, Erskineville NSW, Australia","642A King Street Erskineville, NSW 2043",19,25,,https://www.eventbrite.com/e/the-wacky-wonderland-tour-tickets-850287511837?aff=ebdssbdestsearch,-33.90547317,151.1811163
188,Lucky Presents | Christmas In July | Sunset Boat Party,27/07/2024 15:30,,King Street Wharf 9,"Harbour Street Sydney, NSW 2000",29,39,,https://www.eventbrite.com.au/e/lucky-presents-christmas-in-july-sunset-boat-party-tickets-893685526467?aff=ebdssbdestsearch,-33.87833322,151.2032986
189,Journey Of Sound pres. SUBANDRIO (SL) - SYDNEY,27/07/2024 21:00,,The Civic Hotel,"388 Pitt Street Sydney, NSW 2000",38,49.99,,https://www.eventbrite.com/e/journey-of-sound-pres-subandrio-sl-sydney-tickets-919047524887?aff=ebdssbdestsearch,-33.87794302,151.2077358
190,The Honeymakers Big Band - In The Spotlight,28/07/2024 15:00,,Tradies Gymea,"57 Manchester Road Gymea, NSW 2227",15,15,,https://www.eventbrite.com.au/e/the-honeymakers-big-band-in-the-spotlight-tickets-921335538397?aff=ebdssbdestsearch,-34.03233814,151.0876949
191,UNSW Wind Symphony Concert: Native Winds,30/07/2024 19:00,120,Sir John Clancy Auditorium,"9 High Street Kensington, NSW 2052",10.55,21.1,,https://www.eventbrite.com.au/e/unsw-wind-symphony-concert-native-winds-tickets-907262906777?aff=ebdssbdestsearch,42.98087166,-70.94352493
192,Collegium Musicum Choir Concert: Lacrimosa,2/08/2024 19:00,120,Sir John Clancy Auditorium,"9 High Street Kensington, NSW 2052",19.53,28,,https://www.eventbrite.com.au/e/collegium-musicum-choir-concert-lacrimosa-tickets-911137676317?aff=ebdssbdestsearch,42.98087166,-70.94352493
193,"[SYD] MEMORIES IX 02.08.2024 | HA TRAN, TRAN THAI HOA, LAN NHA, THUY DUNG",2/08/2024 19:30,,Cabra-Vale Diggers Club,"1 Bartley Street Canley Vale, NSW 2166",107.19,170.73,,https://www.eventbrite.com.au/e/syd-memories-ix-02082024-ha-tran-tran-thai-hoa-lan-nha-thuy-dung-tickets-921470983517?aff=ebdssbdestsearch,-33.88946638,150.9398457
194,New Club Vibrations | Gangster Theme,3/08/2024 20:00,300,"Polish Club Ashfield, Liverpool Road, Ashfield NSW, Australia","182 Liverpool Road Ashfield, NSW 2131",27.07,229.57,,https://www.eventbrite.com.au/e/new-club-vibrations-gangster-theme-tickets-918595432667?aff=ebdssbdestsearch,-33.89015244,151.1268796
195,Berlin Underground,4/08/2024 22:00,,Civic Underground,"388 Pitt St Sydney CBD, NSW 2000",0,22.19,,https://www.eventbrite.com.au/e/berlin-underground-tickets-368952776687?aff=ebdssbdestsearch,-33.87794302,151.2077358
196,Berlin Underground @ Civic Hotel,4/08/2024 22:00,,Berlin Underground,"388 Pitt Street Sydney, NSW 2000",0,22,,https://www.eventbrite.com.au/e/berlin-underground-civic-hotel-tickets-368815496077?aff=ebdssbdestsearch,-33.87794302,151.2077358
197,Tony Nyadundo Live in Sydney,6/08/2024 18:00,330,Rosehill Bowling Club,"Rosehill, NSW 2142",95,95,,https://www.eventbrite.com/e/tony-nyadundo-live-in-sydney-tickets-920847619017?aff=ebdssbdestsearch,-33.82611599,151.0304839
198,The Beatnix,10/08/2024 20:00,150,Club Kirrawee,"101 Oak Road Kirrawee, NSW 2232",27.78,27.78,Going fast,https://www.eventbrite.com.au/e/the-beatnix-tickets-899541692417?aff=ebdssbdestsearch,-34.02971955,151.0713678
199,VOGUE Masquerade Party DJ Sam Boutros,10/08/2024 20:00,300,Gardens on Forest,"764 Forest Road Peakhurst, NSW 2210",27.78,27.78,,https://www.eventbrite.com.au/e/vogue-masquerade-party-dj-sam-boutros-tickets-913716710277?aff=ebdssbdestsearch,-33.9575561,151.0658657
200,Simo's Presents - Viscera Infest (JAP),16/08/2024 19:30,270,Simo's,"Warf 3 3 The Promenade Sydney, NSW 2000",43.73,43.73,,https://www.eventbrite.com/e/simos-presents-viscera-infest-jap-tickets-846794474067?aff=ebdssbdestsearch,-33.84956789,151.1366172
201,BEATS BINGO - Emo [MACQUARIE] at TGI Fridays,22/08/2024 18:30,120,TGI Fridays Macquarie,"454 Herring Road North Ryde, NSW 2113",0,0,,https://www.eventbrite.com.au/e/beats-bingo-emo-macquarie-at-tgi-fridays-tickets-911049713217?aff=ebdssbdestsearch,-33.77822229,151.1173208
202,Ben Lee with Special Guests,22/08/2024 18:30,210,"Warners Bay Theatre, baramayiba","39 Lake Street Warners Bay, NSW 2282",48.6,53.87,,https://www.eventbrite.com.au/e/ben-lee-with-special-guests-tickets-912403652887?aff=ebdssbdestsearch,-32.972289,151.6457344
203,ROSS WILSON & The Paceniks,23/08/2024 19:00,,Brighton Lakes Recreation & Golf Club,"43 Brickmakers Drive Moorebank, NSW 2170",126.46,126.46,,https://www.eventbrite.com.au/e/ross-wilson-the-paceniks-tickets-918611330217?aff=ebdssbdestsearch,-33.93702249,150.9598589
204,"[SYD] ILLUMINATILO ft. DJ TILO, HYE NA, RAPPER ASHI & more | FRI 23 AUG",23/08/2024 19:30,,Việt Phố Entertainment,"2 George Street Yagoona, NSW 2199",74.37,195.43,,https://www.eventbrite.com.au/e/syd-illuminatilo-ft-dj-tilo-hye-na-rapper-ashi-more-fri-23-aug-tickets-906167018947?aff=ebdssbdestsearch,-33.90569106,151.0354097
205,Swiftie Mirrorball Party: Night 1 Sydney,23/08/2024 23:00,,Oxford Art Factory,"46 Oxford Street #38 Darlinghurst, NSW 2010",11.29,31.89,,https://www.eventbrite.com.au/e/swiftie-mirrorball-party-night-1-sydney-tickets-919910756837?aff=ebdssbdestsearch,-33.87784571,151.2139323
206,"Bloom Sings: The Stevie Nicks, Linda Ronstadt & Carole King Songbook",29/08/2024 19:30,150,Cardea Sydney,"300 Barangaroo Avenue #Shop 2, T3.01 Barangaroo, NSW 2000",48.96,133.67,,https://www.eventbrite.com.au/e/bloom-sings-the-stevie-nicks-linda-ronstadt-carole-king-songbook-tickets-847748186647?aff=ebdssbdestsearch,-33.86512546,151.202201
207,Glass Island - LOVE CLVB ft. POOLCLVB + FRIENDS - Sat 31 Aug 2024,31/08/2024 13:00,,Glass Island - check event info for Wharf Details,"King Street Wharf Darling Harbour Sydney, NSW 2000",39.2,39.2,,https://www.eventbrite.com.au/e/glass-island-love-clvb-ft-poolclvb-friends-sat-31-aug-2024-tickets-905818556687?aff=ebdssbdestsearch,-33.869019,151.201576
208,SYD Campus | Open Day | Sept 7,7/09/2024 10:00,240,The Australian Institute of Music,"27 Nurses Walk The Rocks Sydney, NSW 2000",0,0,,https://www.eventbrite.com.au/e/syd-campus-open-day-sept-7-tickets-901044577587?aff=ebdssbdestsearch,-33.86006476,151.2082115
209,The Annual Campion Ball: The Golden Age of Hollywood,14/09/2024 19:00,240,8-14 Austin Woodbury Pl,"ace Toongabbie, NSW 2146",70,85,,https://www.eventbrite.com/e/the-annual-campion-ball-the-golden-age-of-hollywood-tickets-889921588427?aff=ebdssbdestsearch,-33.7872766,150.9509084
210,BEATS BINGO - Girl Bands VS Boy Bands [MACQUARIE] at TGI Fridays,19/09/2024 18:30,120,TGI Fridays Macquarie,"454 Herring Road North Ryde, NSW 2113",0,0,,https://www.eventbrite.com.au/e/beats-bingo-girl-bands-vs-boy-bands-macquarie-at-tgi-fridays-tickets-911053785397?aff=ebdssbdestsearch,-33.77822229,151.1173208
211,Charlie Chech Live at Cardea!,20/09/2024 19:30,120,Cardea Sydney,"300 Barangaroo Avenue #Shop 2, T3.01 Barangaroo, NSW 2000",43.66,101.9,,https://www.eventbrite.com.au/e/charlie-chech-live-at-cardea-tickets-910187604627?aff=ebdssbdestsearch,-33.86512546,151.202201
212,Whispering Jack,21/09/2024 20:00,150,Club Kirrawee,"101 Oak Road Kirrawee, NSW 2232",27.78,27.78,,https://www.eventbrite.com.au/e/whispering-jack-tickets-899575613877?aff=ebdssbdestsearch,-34.02971955,151.0713678
213,Glass Island -  LOVE CLVB ft. POOLCLVB + FRIENDS - Sat 05 Oct 2024,5/10/2024 13:00,,Glass Island - check event info for Wharf Details,"King Street Wharf Darling Harbour Sydney, NSW 2000",49.4,49.4,,https://www.eventbrite.com.au/e/glass-island-love-clvb-ft-poolclvb-friends-sat-05-oct-2024-tickets-905820251757?aff=ebdssbdestsearch,-33.869019,151.201576
214,The Island: Island Opening Party,5/10/2024 15:00,300,Double Bay Wharf,"77 Bay Street Double Bay, NSW 2028",55.3,3967.75,,https://www.eventbrite.com.au/e/the-island-island-opening-party-tickets-909173220577?aff=ebdssbdestsearch,-33.87333658,151.2424899
215,The Island: Sunday Fruits,6/10/2024 15:00,300,Double Bay Wharf,"77 Bay Street Double Bay, NSW 2028",44.86,3967.75,,https://www.eventbrite.com.au/e/the-island-sunday-fruits-tickets-908708590857?aff=ebdssbdestsearch,-33.87333658,151.2424899
216,Live Music Lake Mac presents Darlinghurst supported by Piper Butcher,11/10/2024 18:30,210,"Warners Bay Theatre, baramayiba","39 Lake Street Warners Bay, NSW 2282",48.6,53.87,,https://www.eventbrite.com.au/e/live-music-lake-mac-presents-darlinghurst-supported-by-piper-butcher-tickets-754260171477?aff=ebdssbdestsearch,-32.972289,151.6457344
217,The Island: Saturday Sunset,12/10/2024 15:00,300,Double Bay Wharf,"77 Bay Street Double Bay, NSW 2028",55.3,3967.75,,https://www.eventbrite.com.au/e/the-island-saturday-sunset-tickets-909177383027?aff=ebdssbdestsearch,-33.87333658,151.2424899
218,Throw Back x Social Women's  Club - Day Boat Party,12/10/2024 15:30,240,King Street Wharf,"35 The Promenade Sydney, NSW 2000",32.75,32.75,,https://www.eventbrite.com.au/e/throw-back-x-social-womens-club-day-boat-party-tickets-894134058037?aff=ebdssbdestsearch,-33.98591233,151.1316147
219,The Island: Sunday Social,13/10/2024 15:00,300,Double Bay Wharf,"77 Bay Street Double Bay, NSW 2028",44.86,3967.75,,https://www.eventbrite.com.au/e/the-island-sunday-social-tickets-908709012117?aff=ebdssbdestsearch,-33.87333658,151.2424899
220,FABBA Superyacht Party,19/10/2024 19:00,,Queens Wharf Terminal,"242-258 Wharf Road Newcastle, NSW 2300",43.66,59.54,,https://www.eventbrite.com/e/fabba-superyacht-party-tickets-883123655627?aff=ebdssbdestsearch,-32.92588298,151.7809284
221,The Island : Island All Stars,20/10/2024 15:00,300,Double Bay Wharf,"77 Bay Street Double Bay, NSW 2028",44.86,3967.75,,https://www.eventbrite.com.au/e/the-island-island-all-stars-tickets-909148165637?aff=ebdssbdestsearch,-33.87333658,151.2424899
222,Fleetwood Nicks Sydney Harbour Cruise,26/10/2024 18:00,240,King Street Wharf Darling Harbour,"Lime Street Sydney, NSW 2000",90,90,,https://www.eventbrite.com.au/e/fleetwood-nicks-sydney-harbour-cruise-tickets-888140641567?aff=ebdssbdestsearch,-33.86721169,151.2018565
223,A24 Halloween Sydney,26/10/2024 23:30,,Oxford Art Factory,"46 Oxford Street #38 Darlinghurst, NSW 2010",11.29,31.89,,https://www.eventbrite.com.au/e/a24-halloween-sydney-tickets-851899122207?aff=ebdssbdestsearch,-33.87784571,151.2139323
224,Emo Carnival 2024 - Emo Night Sydney,9/11/2024 20:00,,Oxford Art Factory,"46 Oxford Street #38 Darlinghurst, NSW 2010",11.29,31.89,,https://www.eventbrite.com.au/e/emo-carnival-2024-emo-night-sydney-tickets-921172229937?aff=ebdssbdestsearch,-33.87784571,151.2139323
225,"Neurologic Music Therapy Training Inst -  Nov 11-14 in Sydney, Australia",11/11/2024 8:00,300,Rydges Sydney Central,"28 Albion Street Surry Hills, NSW 2010",295.29,764.8,,https://www.eventbrite.ca/e/neurologic-music-therapy-training-inst-nov-11-14-in-sydney-australia-tickets-856508368587?aff=ebdssbdestsearch,-33.88187392,151.2095718
226,Celebrating 70 years of John Williams Music - Warners Bay Theatre,24/11/2024 15:00,,"Warners Bay Theatre, baramayiba","39 Lake Street Warners Bay, NSW 2282",32.8,48.6,,https://www.eventbrite.com.au/e/celebrating-70-years-of-john-williams-music-warners-bay-theatre-tickets-906627967657?aff=ebdssbdestsearch,-32.972289,151.6457344
227,Wicked Ball - Sydney,30/11/2024 21:00,,Oxford Art Factory,"46 Oxford Street #38 Darlinghurst, NSW 2010",11.29,31.89,,https://www.eventbrite.com.au/e/wicked-ball-sydney-tickets-841144775667?aff=ebdssbdestsearch,-33.87784571,151.2139323
228,Jazz Behind the Green Door Christmas Event,11/12/2024 18:00,90,St Stephens Uniting Church,"197 Macquarie Street Sydney, NSW 2000",17.19,17.19,,https://www.eventbrite.com.au/e/jazz-behind-the-green-door-christmas-event-tickets-808786120057?aff=ebdssbdestsearch,-33.8672905,151.2119879
229,The Island - Christmas Eve,24/12/2024 15:00,300,Double Bay Wharf,"77 Bay Street Double Bay, NSW 2028",55.3,3967.75,,https://www.eventbrite.com.au/e/the-island-christmas-eve-tickets-909191144187?aff=ebdssbdestsearch,-33.87333658,151.2424899
230,SOUNDS ON  BOXING DAY,26/12/2024 13:00,,Greenwood Hotel,"36 Blue St North Sydney, NSW 2060",69.55,176.65,,https://www.eventbrite.com.au/e/sounds-on-boxing-day-tickets-919270983257?aff=ebdssbdestsearch,-33.84043488,151.2076935
