,Event,Date and Time,Duration (in minutes),Venue,Address,Lowest Price,Highest Price,Booking Status,URL
0,Feel music,2024-06-10 10:00:00,120.0,Opéra de Sydney,"#Bennelong Point Sydney, NSW 2000",0.0,0.0,Going fast,https://www.eventbrite.com.au/e/feel-music-tickets-894977811727?aff=ebdssbdestsearch
1,Harmony Festival Sydney 2024,2024-06-10 18:30:00,150.0,2 Australia Ave,"nue Sydney Olympic Park, NSW 2127",0.0,0.0,Sales end soon,https://www.eventbrite.com.au/e/harmony-festival-sydney-2024-tickets-910122429687?aff=ebdssbdestsearch
2,Silent Disco Party Walk - Vivid Tours - Circular Quay,2024-06-10 18:30:00,,Customs House,"31 Alfred St Sydney, NSW 2000",0.0,69.07,Sales end soon,https://www.eventbrite.com.au/e/silent-disco-party-walk-vivid-tours-circular-quay-tickets-882707811827?aff=ebdssbdestsearch
3,VIVID SYDNEY Silent Disco Tour by DISCO LOCO,2024-06-10 19:00:00,,Chinese Garden of Friendship,"Cnr Harbour Street Darling Harbour, NSW 2000",34.4,37.55,Sales end soon,https://www.eventbrite.com.au/e/vivid-sydney-silent-disco-tour-by-disco-loco-tickets-872264816547?aff=ebdssbdestsearch
4,Guitar School : Children - June,2024-06-11 16:00:00,,Wetherill Park Library,"561-583 Polding Street Wetherill Park, NSW 2164",0.0,0.0,Sales end soon,https://www.eventbrite.com.au/e/guitar-school-children-june-tickets-896764666257?aff=ebdssbdestsearch
5,Guitar School: Youth/Adults - June,2024-06-11 17:00:00,,Wetherill Park Library,"561-583 Polding Street Wetherill Park, NSW 2164",0.0,0.0,Going fast,https://www.eventbrite.com.au/e/guitar-school-youthadults-june-tickets-896767113577?aff=ebdssbdestsearch
6,RINGO BINGO MUSIC BINGO CLARENDON TAVERN TUESDAYS,2024-06-11 19:00:00,,Clarendon Tavern,"244 Hawkesbury Valley Way Clarendon, NSW 2756",,,Sales end soon,https://www.eventbrite.com.au/e/ringo-bingo-music-bingo-clarendon-tavern-tuesdays-tickets-795811261907?aff=ebdssbdestsearch
7,"Soda Tuesday - Free Drink on Arrival, $1 HotDogs & Musical Bingo",2024-06-11 19:00:00,,The Soda Factory,"16 Wentworth Avenue Surry Hills, NSW 2010",0.0,0.0,Sales end soon,https://www.eventbrite.com.au/e/soda-tuesday-free-drink-on-arrival-1-hotdogs-musical-bingo-tickets-517134070927?aff=ebdssbdestsearch
8,Tuesday Live Jazz,2024-06-11 19:30:00,,185 Glebe Point Rd,"185 Glebe Point Road Glebe, NSW 2037",0.0,0.0,Sales end soon,https://www.eventbrite.com.au/e/tuesday-live-jazz-tickets-834606930797?aff=ebdssbdestsearch
9,Bondi Lines & Scary Canary Silent Disco Tuesday - Free Drink on Entry,2024-06-11 21:00:00,,The Scary Canary,"469 Kent Street Sydney, NSW 2000",0.0,0.0,Sales end soon,https://www.eventbrite.com.au/e/bondi-lines-scary-canary-silent-disco-tuesday-free-drink-on-entry-tickets-621459571307?aff=ebdssbdestsearch
10,Music Production Workshop with Heaps Decent,2024-06-12 16:00:00,,Synergy Youth Centre,"8 Little Street Lane Cove, NSW 2066",0.0,0.0,Sales end soon,https://www.eventbrite.com.au/e/music-production-workshop-with-heaps-decent-tickets-908016340317?aff=ebdssbdestsearch
11,Sheaf Wednesday - Free Drink on Arrival PRE 10PM,2024-06-12 19:00:00,,The Golden Sheaf,"429 New South Head Road Double Bay, NSW 2026",0.0,0.0,Sales end soon,https://www.eventbrite.com.au/e/sheaf-wednesday-free-drink-on-arrival-pre-10pm-tickets-558298625217?aff=ebdssbdestsearch
12,Wednesday Jazz Joints,2024-06-12 20:00:00,,The Dock,"182 Redfern Street Redfern, NSW 2016",0.0,0.0,,https://www.eventbrite.com.au/e/wednesday-jazz-joints-tickets-511364343517?aff=ebdssbdestsearch
13,Alex Sky Trio,2024-06-12 20:30:00,150.0,Foundry 616,"616 Harris Street Ultimo, NSW 2007",29.29,55.39,Sales end soon,https://www.eventbrite.com.au/e/alex-sky-trio-tickets-906443656377?aff=ebdssbdestsearch
14,RINGO BINGO MUSIC BINGO THURSDAYS PLUMPTON HOTEL,2024-06-13 19:00:00,,Plumpton Hotel,"556 Richmond Road Glendenning, NSW 2761",,,,https://www.eventbrite.com.au/e/ringo-bingo-music-bingo-thursdays-plumpton-hotel-tickets-391661388757?aff=ebdssbdestsearch
15,Vivid In The Harbour - Boat Party (18+),2024-06-13 19:00:00,,King St Wharf 3 - Cadman Cruises,"King St Wharf 3 Darling Harbour, NSW 2000",22.87,43.64,Sales end soon,https://www.eventbrite.com.au/e/vivid-in-the-harbour-boat-party-18-tickets-887447518417?aff=ebdssbdestsearch
16,Tourismo Album Launch,2024-06-13 20:30:00,150.0,Foundry 616,"616 Harris Street Ultimo, NSW 2007",21.98,48.08,Sales end soon,https://www.eventbrite.com.au/e/tourismo-album-launch-tickets-900090313357?aff=ebdssbdestsearch
17,La Cueva Superclub Thursdays | SYDNEY | THU 13 JUN  | CARRETE: CHILE NIGHT,2024-06-13 21:00:00,510.0,CULT,"33 Bayswater Road Potts Point, NSW 2011",7.5,17.86,Sales end soon,https://www.eventbrite.com.au/e/la-cueva-superclub-thursdays-sydney-thu-13-jun-carrete-chile-night-tickets-879969531557?aff=ebdssbdestsearch
18,Official End of Exams Vivid Boat Party,2024-06-13 21:00:00,,King Street Wharf 3 - Cadman Cruises,"King Street Wharf 3  - Cadman Cruises Darling Harbour, NSW 2000",17.68,22.87,Sales end soon,https://www.eventbrite.com.au/e/official-end-of-exams-vivid-boat-party-tickets-918679734817?aff=ebdssbdestsearch
19,The Ultimate Backpacker & International Boat Party  - Vivid Cruise,2024-06-13 21:00:00,,King St Wharf 3 - Cadman Cruises,"King Street Wharf 3 Sydney, NSW 2000",0.0,12.49,Sales end soon,https://www.eventbrite.com.au/e/the-ultimate-backpacker-international-boat-party-vivid-cruise-tickets-920566297577?aff=ebdssbdestsearch
20,Pearl Vivid (Weekend),2024-06-14 17:45:00,,King Street Wharf 3,"3 The Promenade Sydney, NSW 2000",34.39,68.84,Sales end soon,https://www.eventbrite.com.au/e/pearl-vivid-weekend-tickets-912478256027?aff=ebdssbdestsearch
21,Live @ the Library | Variety Night |18+ years,2024-06-14 18:00:00,150.0,Ryde Library,"1 Pope Street Ryde, NSW 2112",10.5,10.5,,https://www.eventbrite.com.au/e/live-the-library-variety-night-18-years-tickets-907257580847?aff=ebdssbdestsearch
22,Tapestry Album Tour,2024-06-14 19:00:00,,Burdekin Hotel,"2 Oxford St Darlinghurst, NSW 2010",24.9,24.9,,https://www.eventbrite.com.au/e/tapestry-album-tour-tickets-896873822747?aff=ebdssbdestsearch
23,Cardea Presents: Grecian Beats,2024-06-14 19:30:00,120.0,Cardea Sydney,"300 Barangaroo Avenue #Shop 2, T3.01 Barangaroo, NSW 2000",33.08,96.61,Going fast,https://www.eventbrite.com.au/e/cardea-presents-grecian-beats-tickets-888120441147?aff=ebdssbdestsearch
24,Argyle Friday x Bondi Lines: Free Entry pre 10pm OR Discounted Entry,2024-06-14 20:00:00,,The Argyle,"18 Argyle Street The Rocks, NSW 2000",0.0,12.64,,https://www.eventbrite.com.au/e/argyle-friday-x-bondi-lines-free-entry-pre-10pm-or-discounted-entry-tickets-415165349737?aff=ebdssbdestsearch
25,Argyle Fridays: Free Entry + Free Drink or $10 Anytime Entry,2024-06-14 20:00:00,,The Argyle,"18 Argyle Street The Rocks, NSW 2000",0.0,12.49,,https://www.eventbrite.com.au/e/argyle-fridays-free-entry-free-drink-or-10-anytime-entry-tickets-887328512467?aff=ebdssbdestsearch
26,FRIDAYS AT THE ALLEY PRESENT,2024-06-14 20:00:00,180.0,Agincourt Hotel,"871 George Street Sydney, NSW 2000",17.19,17.19,,https://www.eventbrite.com.au/e/fridays-at-the-alley-present-tickets-919769594617?aff=ebdssbdestsearch
27,Glass Island - 808 pres. VIVID FRIDAY - Fri 14 June - VIVID SYDNEY,2024-06-14 20:00:00,,Glass Island - check event info for Wharf Details,"King Street Wharf Darling Harbour Sydney, NSW 2000",49.4,49.4,Going fast,https://www.eventbrite.com.au/e/glass-island-808-pres-vivid-friday-fri-14-june-vivid-sydney-tickets-880645072117?aff=ebdssbdestsearch
28,ONE NIGHT ONLY! Boiler Room Setup ft. Rockafellas,2024-06-14 20:00:00,180.0,The Argyle,"18 Argyle Street The Rocks, NSW 2000",10.87,21.2,,https://www.eventbrite.com/e/one-night-only-boiler-room-setup-ft-rockafellas-tickets-893430814617?aff=ebdssbdestsearch
29,RANGEELA - Vivid Bollywood Cruise Party,2024-06-14 20:00:00,,King Street Wharf,"Sydney, NSW 2000",27.78,90.0,Almost full,https://www.eventbrite.com.au/e/rangeela-vivid-bollywood-cruise-party-tickets-880169870777?aff=ebdssbdestsearch
30,Soda Friday - Free Entry & Drink PRE 12AM,2024-06-14 20:00:00,,The Soda Factory,"16 Wentworth Avenue Surry Hills, NSW 2010",0.0,0.0,,https://www.eventbrite.com.au/e/soda-friday-free-entry-drink-pre-12am-tickets-461990314467?aff=ebdssbdestsearch
31,Neon Bollywood VIVID Cruise Vol.3,2024-06-14 20:30:00,,King Street Wharf Darling Harbour,"Lime Street Sydney, NSW 2000",22.49,43.66,,https://www.eventbrite.com.au/e/neon-bollywood-vivid-cruise-vol3-tickets-918110833217?aff=ebdssbdestsearch
32,Sydney's Biggest End of Semester Black Party.,2024-06-14 20:30:00,,King Street Wharf 3 - Cadman Cruises,"King Street Wharf 3 Darling Harbour, NSW 2000",28.07,61.81,Almost full,https://www.eventbrite.com.au/e/sydneys-biggest-end-of-semester-black-party-tickets-915014983447?aff=ebdssbdestsearch
33,BLISS,2024-06-14 21:00:00,300.0,The Civic Hotel,"388 Pitt Street Sydney, NSW 2000",17.19,33.08,,https://www.eventbrite.com/e/bliss-tickets-908061655857?aff=ebdssbdestsearch
34,Dock Fridays,2024-06-14 21:00:00,,The Dock,"182 Redfern Street Redfern, NSW 2016",0.0,0.0,,https://www.eventbrite.com.au/e/dock-fridays-tickets-529882351377?aff=ebdssbdestsearch
35,Pibe Cantina x Bondi Lines Discounted Entry & Free Drink,2024-06-14 21:00:00,,Kent St. Hotel,"349 Kent Street Sydney, NSW 2000",12.91,12.91,,https://www.eventbrite.com.au/e/pibe-cantina-x-bondi-lines-discounted-entry-free-drink-tickets-868813393247?aff=ebdssbdestsearch
36,STEPPERS ft. blkout. + SUPPORTS,2024-06-14 21:00:00,480.0,231 Oxford St,"reet Darlinghurst, NSW 2010",17.19,27.78,,https://www.eventbrite.com.au/e/steppers-ft-blkout-supports-tickets-911144346267?aff=ebdssbdestsearch
37,Vivid Latino - Cruise Party - Closing Night,2024-06-14 21:00:00,180.0,King Street Wharf 9,"Sydney, NSW 2000",25.13,48.96,,https://www.eventbrite.com.au/e/vivid-latino-cruise-party-closing-night-tickets-906444258177?aff=ebdssbdestsearch
38,FRI 14 JUNE - WAO SUPERCLUB @ IVY,2024-06-14 21:30:00,,ivy precinct,"330 George Street Sydney, NSW 2000",30.25,60.5,,https://www.eventbrite.com.au/e/fri-14-june-wao-superclub-ivy-tickets-906008254077?aff=ebdssbdestsearch
39,MYST NIGHTCLUB,2024-06-14 21:30:00,,Home Main Venue,"101/1-5 Wheat Road Cockle Bay Wharf Darling Park, NSW 2000",27.5,64.99,,https://www.eventbrite.com.au/e/myst-nightclub-tickets-915834183697?aff=ebdssbdestsearch
40,Misery Swiftness: Swemo Night - Sydney (Plus One Co),2024-06-14 22:00:00,,Tokio Hotel,"101/1-5 Wheat Road Cockle Bay Wharf Darling Park, NSW 2000",15.03,24.2,,https://www.eventbrite.com.au/e/misery-swiftness-swemo-night-sydney-plus-one-co-tickets-890045448897?aff=ebdssbdestsearch
41,NO PHOTOS - The Return,2024-06-14 22:00:00,300.0,Noir Sydney,"163 Oxford Street Darlinghurst, NSW 2010",0.0,0.0,,https://www.eventbrite.com/e/no-photos-the-return-tickets-911956665937?aff=ebdssbdestsearch
42,Pibe Cantina x Fiesta Neon | FRI 14 JUN | Kent St Hotel,2024-06-14 22:00:00,360.0,Kent Street Hotel,"349 Kent St Sydney, NSW 2000",0.0,12.68,,https://www.eventbrite.com.au/e/pibe-cantina-x-fiesta-neon-fri-14-jun-kent-st-hotel-tickets-884317205567?aff=ebdssbdestsearch
43,WeLove Sydney | Home The Venue,2024-06-14 22:00:00,,Home Rooftop,"101/1-5 Wheat Road Cockle Bay Wharf Darling Park, NSW 2000",22.0,22.0,,https://www.eventbrite.com.au/e/welove-sydney-home-the-venue-tickets-911059472407?aff=ebdssbdestsearch
44,BlueScope Youth Orchestra - Dapto Ribbonwood Centre,2024-06-15 11:00:00,120.0,Dapto Ribbonwood Centre,"93/109 Princes Hwy Dapto, NSW 2530",0.0,0.0,,https://www.eventbrite.com.au/e/bluescope-youth-orchestra-dapto-ribbonwood-centre-tickets-845556120117?aff=ebdssbdestsearch
45,Aqua Jazz Lunch,2024-06-15 12:30:00,,King Street Wharf,"Lime Street Sydney, NSW 2000",76.15,320.27,,https://www.eventbrite.com.au/e/aqua-jazz-lunch-tickets-883905935447?aff=ebdssbdestsearch
46,MICHAEL JACKSON Themed Silent Disco Tour by DISCO LOCO,2024-06-15 14:00:00,,Chinese Garden of Friendship,"Cnr Harbour Street Darling Harbour, NSW 2000",21.84,42.78,,https://www.eventbrite.com.au/e/michael-jackson-themed-silent-disco-tour-by-disco-loco-tickets-867988526047?aff=ebdssbdestsearch
47,DISCO LOCO - The Craziest Silent Disco Tour!,2024-06-15 16:00:00,,Customs House,"31 Alfred Street Sydney, NSW 2000",32.31,37.55,,https://www.eventbrite.com.au/e/disco-loco-the-craziest-silent-disco-tour-tickets-872229781757?aff=ebdssbdestsearch
48,Jazz Night at Dobell House,2024-06-15 17:30:00,,Dobell House,"47 Dobell Drive Wangi Wangi, NSW 2267",29.63,32.8,,https://www.eventbrite.com.au/e/jazz-night-at-dobell-house-tickets-868133620027?aff=ebdssbdestsearch
49,Beatdown Demonstration.,2024-06-15 18:00:00,,Burdekin Hotel,"2 Oxford St Darlinghurst, NSW 2010",22.67,22.67,,https://www.eventbrite.com.au/e/beatdown-demonstration-tickets-875642108117?aff=ebdssbdestsearch
50,Glass Island -Act7 Records pres. Change We Need- Sat 15 Jun - VIVID SYDNEY,2024-06-15 18:20:00,,Glass Island - check event info for Wharf Details,"King Street Wharf Darling Harbour Sydney, NSW 2000",49.4,49.4,,https://www.eventbrite.com.au/e/glass-island-act7-records-pres-change-we-need-sat-15-jun-vivid-sydney-tickets-851992361087?aff=ebdssbdestsearch
51,TJMR Presents : BANGERS at 9pm,2024-06-15 18:30:00,300.0,Elton Chong,"388 High Street Penrith, NSW 2750",33.08,33.08,,https://www.eventbrite.com.au/e/tjmr-presents-bangers-at-9pm-tickets-906529242367?aff=ebdssbdestsearch
52,Rock N Retro Disco,2024-06-15 18:45:00,,Eastern Pontoon Circular Quay,"7 Macquarie Street Sydney, NSW 2000",103.29,103.29,,https://www.eventbrite.com.au/e/rock-n-retro-disco-tickets-886014101027?aff=ebdssbdestsearch
53,Vivid Sydney Harbour Cruise 2024 - SKY DECK SPECTACULAR!,2024-06-15 18:55:00,,King Street Wharf 8,"King Street Sydney, NSW 2000",22.49,33.08,,https://www.eventbrite.com/e/vivid-sydney-harbour-cruise-2024-sky-deck-spectacular-tickets-921999093107?aff=ebdssbdestsearch
54,Josh Setterfield - First Hometown Headline,2024-06-15 19:00:00,240.0,"Wangi RSL Club, Watkins Rd","Wangi Wangi, NSW 2267",43.33,89.68,Going fast,https://www.eventbrite.com.au/e/josh-setterfield-first-hometown-headline-tickets-879337130027?aff=ebdssbdestsearch
55,Special Event Of Viet Pho ft Colin Hennerz,2024-06-15 19:00:00,420.0,Việt Phố Entertainment,"2 George Street Yagoona, NSW 2199",43.66,54.26,,https://www.eventbrite.com/e/special-event-of-viet-pho-ft-colin-hennerz-tickets-895244098197?aff=ebdssbdestsearch
56,Vivid In The Harbour - Light Show Cruise (All Ages),2024-06-15 19:00:00,,King St Wharf 3 - Cadman Cruises,"King Street Wharf 3 Darling Harbour, NSW 2000",38.45,38.45,Going fast,https://www.eventbrite.com.au/e/vivid-in-the-harbour-light-show-cruise-all-ages-tickets-894171259307?aff=ebdssbdestsearch
57,Wharf Bar x Bondi Lines Saturday: Free Entry,2024-06-15 19:00:00,,Wharf Bar,"East Esplanade Manly, NSW 2095",0.0,0.0,,https://www.eventbrite.com.au/e/wharf-bar-x-bondi-lines-saturday-free-entry-tickets-558316629067?aff=ebdssbdestsearch
58,Alain Johannes (CHL/USA) Katoomba,2024-06-15 20:00:00,180.0,The Baroque Room,"15 Katoomba Street Katoomba, NSW 2780",57.71,57.71,Going fast,https://www.eventbrite.com.au/e/alain-johannes-chlusa-katoomba-tickets-813686286587?aff=ebdssbdestsearch
59,Bondi Lines x Argyle Saturday | Free pre 10pm and Discounted Anytime Entry,2024-06-15 20:00:00,,The Argyle,"18 Argyle Street The Rocks, NSW 2000",0.0,16.91,,https://www.eventbrite.com.au/e/bondi-lines-x-argyle-saturday-free-pre-10pm-and-discounted-anytime-entry-tickets-472074636947?aff=ebdssbdestsearch
60,DJ ROCKY SHOW SATURDAY NIGHTS PLUMPTON HOTEL SONG REQUESTS ALL NIGHT LONG!,2024-06-15 20:00:00,,Plumpton Hotel,"556 Richmond Road Glendenning, NSW 2761",,,,https://www.eventbrite.com.au/e/dj-rocky-show-saturday-nights-plumpton-hotel-song-requests-all-night-long-tickets-391673264277?aff=ebdssbdestsearch
61,"Soda Saturday - Free Entry & Drink pre 10pm, $10 Off Entry10pm-12am",2024-06-15 20:00:00,,The Soda Factory,"16 Wentworth Avenue Surry Hills, NSW 2010",0.0,0.0,,https://www.eventbrite.com.au/e/soda-saturday-free-entry-drink-pre-10pm-10-off-entry10pm-12am-tickets-461985931357?aff=ebdssbdestsearch
62,The Argyle Saturdays ft. Timomatic // FREE & Discounted Entry // SYDVIP,2024-06-15 20:00:00,,The Argyle,"18 Argyle Street The Rocks, NSW 2000",0.0,11.9,,https://www.eventbrite.com.au/e/the-argyle-saturdays-ft-timomatic-free-discounted-entry-sydvip-tickets-908016470707?aff=ebdssbdestsearch
63,"Throw Back - 80s, 90s, Noughties - Vivid Boat Party + Drone Show",2024-06-15 20:00:00,240.0,King Street Wharf,"35 The Promenade Sydney, NSW 2000",22.32,48.42,,https://www.eventbrite.com.au/e/throw-back-80s-90s-noughties-vivid-boat-party-drone-show-tickets-795782495867?aff=ebdssbdestsearch
64,Homemade Saturdays - 15th June 2024,2024-06-15 21:00:00,,Home Main Venue,"101/1-5 Wheat Road Cockle Bay Wharf Darling Park, NSW 2000",16.5,27.5,,https://www.eventbrite.com.au/e/homemade-saturdays-15th-june-2024-tickets-865993639287?aff=ebdssbdestsearch
65,La Cueva Superclub Saturdays | SYDNEY | SAT 15 JUN | OLD SCHOOL TAKEOVER,2024-06-15 21:00:00,540.0,CULT,"33 Bayswater Road Potts Point, NSW 2011",17.86,23.05,,https://www.eventbrite.com.au/e/la-cueva-superclub-saturdays-sydney-sat-15-jun-old-school-takeover-tickets-884732427507?aff=ebdssbdestsearch
66,Vivid In The Harbour Pass (18+),2024-06-15 21:00:00,,Vivid Pass Collection Point,"The Rawson (Rocks) or Home The Venue (Darling Harbour) Sydney, NSW 2000",28.07,28.07,,https://www.eventbrite.com.au/e/vivid-in-the-harbour-pass-18-tickets-911257605027?aff=ebdssbdestsearch
67,CIRCUSCIRCUS SATURDAYS,2024-06-15 21:30:00,,Chicane Sydney,"22 Bayswater Road Potts Point, NSW 2011",21.13,33.76,,https://www.eventbrite.com/e/circuscircus-saturdays-tickets-848121392917?aff=ebdssbdestsearch
68,AFROBEATS vs AMAPIANO,2024-06-15 22:00:00,300.0,871 George St,"reet Sydney, NSW 2000",27.48,32.75,,https://www.eventbrite.com.au/e/afrobeats-vs-amapiano-tickets-919107333777?aff=ebdssbdestsearch
69,"BOLLYWOOD RAVE at Blackbird,Darling Harbour, Sydney",2024-06-15 22:00:00,300.0,Blackbird Cafe,"Sydney, NSW 2000",27.19,52.25,,https://www.eventbrite.com.au/e/bollywood-rave-at-blackbirddarling-harbour-sydney-tickets-917227761927?aff=ebdssbdestsearch
70,BollyVivid 2.0 - Neon Bollywood Party(Vivid Sydney Closing Night),2024-06-15 22:00:00,,The Flynn,"2A Bligh Street Sydney, NSW 2000",22.49,54.26,,https://www.eventbrite.com.au/e/bollyvivid-20-neon-bollywood-partyvivid-sydney-closing-night-tickets-887864967017?aff=ebdssbdestsearch
71,Garry @ Oxford Underground ft. CESSY,2024-06-15 22:00:00,360.0,The Oxford Hotel,"134 Oxford Street Darlinghurst, NSW 2010",15.0,25.0,,https://www.eventbrite.com/e/garry-oxford-underground-ft-cessy-tickets-910541202247?aff=ebdssbdestsearch
72,Latinos Vip Saturdays // Pre-Sale $10 Early Birds//,2024-06-15 22:00:00,,The Rawson,"100 George Street The Rocks, NSW 2000",11.9,17.19,,https://www.eventbrite.com/e/latinos-vip-saturdays-pre-sale-10-early-birds-tickets-898839963527?aff=ebdssbdestsearch
73,Mischief Madness 2,2024-06-15 22:00:00,,Burdekin Hotel,"2 Oxford Street Darlinghurst, NSW 2010",18.47,23.66,,https://www.eventbrite.com.au/e/mischief-madness-2-tickets-917163860797?aff=ebdssbdestsearch
74,WAVE CLUB,2024-06-15 22:00:00,330.0,WAVE CLUB,"396 Pitt Street Haymarket, NSW 2000",20.0,20.0,,https://www.eventbrite.com/e/wave-club-tickets-919470479957?aff=ebdssbdestsearch
75,Club 505 // Weekly Indie Night // SATURDAYS,2024-06-15 22:30:00,,Burdekin Hotel,"2 Oxford Street Darlinghurst, NSW 2010",0.0,13.27,,https://www.eventbrite.com.au/e/club-505-weekly-indie-night-saturdays-tickets-860647649287?aff=ebdssbdestsearch
76,Sydney MicroFest 6,2024-06-16 14:00:00,360.0,"Kogarah School of Arts, Bowns Rd","Bowns Road Kogarah, NSW 2217",0.0,30.0,,https://www.eventbrite.com.au/e/sydney-microfest-6-tickets-892826547237?aff=ebdssbdestsearch
77,One Song Sing,2024-06-16 15:00:00,120.0,Pearson Street Mall,"Pearson Street Charlestown, NSW 2290",10.84,11.9,,https://www.eventbrite.com.au/e/one-song-sing-tickets-858578219567?aff=ebdssbdestsearch
78,Sunday 16th June: Coast Event,2024-06-16 15:00:00,420.0,Cafe del Mar Sydney,"35 Wheat Road Sydney, NSW 2000",14.55,43.66,Almost full,https://www.eventbrite.com/e/sunday-16th-june-coast-event-tickets-905922216737?aff=ebdssbdestsearch
79,Sunday Sessions - Live Music @ Macs Beach Cafe,2024-06-16 16:30:00,,Macs Beach Cafe,"100 Marine Parade MacMasters Beach, NSW 2251",0.0,0.0,,https://www.eventbrite.com.au/e/sunday-sessions-live-music-macs-beach-cafe-tickets-616793635367?aff=ebdssbdestsearch
80,Introduction to Music Production,2024-06-19 18:30:00,,"Studio 2166,  Level 1, Whitlam Library Cabramatta","165 Railway Parade Cabramatta, NSW 2166",,,,https://www.eventbrite.com.au/e/introduction-to-music-production-tickets-880593006387?aff=ebdssbdestsearch
81,Reynolds & Co Studios Term 2 Gig,2024-06-19 19:00:00,120.0,TAB Exchange Hotel - Hamilton,"125 Denison Street Hamilton, NSW 2303",11.73,11.73,,https://www.eventbrite.com.au/e/reynolds-co-studios-term-2-gig-tickets-911879605447?aff=ebdssbdestsearch
82,Backstage Pass - School Excursion (SYD),2024-06-20 10:00:00,,The Australian Institute of Music,"27 Nurses Walk The Rocks Sydney, NSW 2000",0.0,0.0,,https://www.eventbrite.com.au/e/backstage-pass-school-excursion-syd-tickets-743879663097?aff=ebdssbdestsearch
83,Get Jiggy with It: Back to the 90s Party! Free Entry till 10pm,2024-06-20 10:00:00,120.0,"Schirrmo's Bar, Rawson Place, Haymarket NSW, Australia","11 Rawson Place YHA Building, Right next to Haymarket Light Rail Station Haymarket, NSW 2000",0.0,22.49,,https://www.eventbrite.com.au/e/get-jiggy-with-it-back-to-the-90s-party-free-entry-till-10pm-tickets-903666539947?aff=ebdssbdestsearch
84,BEATS BINGO - Movie & TV Soundtracks [MACQUARIE] at TGI Fridays,2024-06-20 18:30:00,120.0,TGI Fridays Macquarie,"454 Herring Road North Ryde, NSW 2113",0.0,0.0,,https://www.eventbrite.com.au/e/beats-bingo-movie-tv-soundtracks-macquarie-at-tgi-fridays-tickets-881669656677?aff=ebdssbdestsearch
85,American Sports Single Launch,2024-06-21 18:30:00,,Burdekin Hotel,"2 Oxford St Darlinghurst, NSW 2010",20.0,20.0,,https://www.eventbrite.com.au/e/american-sports-single-launch-tickets-884645266807?aff=ebdssbdestsearch
86,The catholics,2024-06-21 20:30:00,150.0,Foundry 616,"616 Harris Street Ultimo, NSW 2007",36.6,97.15,,https://www.eventbrite.com.au/e/the-catholics-tickets-913344607307?aff=ebdssbdestsearch
87,SO GLADDY: Vol #6 (So Fresh 2000s Party),2024-06-21 21:00:00,360.0,The Lord Gladstone Hotel,"115 Regent Street Chippendale, NSW 2008",15.0,15.0,,https://www.eventbrite.com.au/e/so-gladdy-vol-6-so-fresh-2000s-party-tickets-898649172867?aff=ebdssbdestsearch
88,STEPPERS ft. Killjoy (UK) & Sanchez X,2024-06-21 21:00:00,480.0,231 Oxford St,"reet Darlinghurst, NSW 2010",17.19,27.78,,https://www.eventbrite.com.au/e/steppers-ft-killjoy-uk-sanchez-x-tickets-915061733277?aff=ebdssbdestsearch
89,FRI 21 JUNE - WAO SUPERCLUB @ IVY,2024-06-21 21:30:00,,ivy precinct,"330 George Street Sydney, NSW 2000",22.0,60.5,,https://www.eventbrite.com.au/e/fri-21-june-wao-superclub-ivy-tickets-906017160717?aff=ebdssbdestsearch
90,G NIGHTCLUB - LAUNCH PARTY,2024-06-21 22:00:00,300.0,Noir Sydney,"163 Oxford Street Darlinghurst, NSW 2010",27.78,33.08,,https://www.eventbrite.com.au/e/g-nightclub-launch-party-tickets-906837474297?aff=ebdssbdestsearch
91,Melodrama: A Sad Girl Indie Party - Sydney (Plus One Co),2024-06-21 22:00:00,,Tokio Hotel,"101/1-5 Wheat Road Cockle Bay Wharf Darling Park, NSW 2000",14.88,24.2,,https://www.eventbrite.com.au/e/melodrama-a-sad-girl-indie-party-sydney-plus-one-co-tickets-899688090297?aff=ebdssbdestsearch
92,Pibe Cantina x Dia de la Bandera | FRI 21 JUN | Kent St Hotel,2024-06-21 22:00:00,360.0,Kent Street Hotel,"349 Kent St Sydney, NSW 2000",0.0,12.68,,https://www.eventbrite.com.au/e/pibe-cantina-x-dia-de-la-bandera-fri-21-jun-kent-st-hotel-tickets-884317245687?aff=ebdssbdestsearch
93,WINTER SOLSTICE ECSTATIC DANCE,2024-06-22 17:30:00,,Body Mind Flow,"57 Argyle Street Camden, NSW 2570",53.19,74.37,,https://www.eventbrite.com.au/e/winter-solstice-ecstatic-dance-tickets-860627970427?aff=ebdssbdestsearch
94,Rah! Records Present Winter Heat,2024-06-22 20:00:00,210.0,MoshPit,"642A King Street Erskineville, NSW 2043",10.0,10.0,,https://www.eventbrite.com.au/e/rah-records-present-winter-heat-tickets-917701819847?aff=ebdssbdestsearch
95,SLAYQUEST,2024-06-22 20:00:00,,Burdekin Hotel,"2 Oxford St Darlinghurst, NSW 2010",25.0,25.0,,https://www.eventbrite.com.au/e/slayquest-tickets-885419953917?aff=ebdssbdestsearch
96,"Bollywood Club-KALA CHASHMA At Alice, Sydney",2024-06-22 21:00:00,,16 Argyle St,"reet The Rocks, NSW 2000",31.74,1107.37,,https://www.eventbrite.com.au/e/bollywood-club-kala-chashma-at-alice-sydney-tickets-907432002547?aff=ebdssbdestsearch
97,DUTTY DANCING,2024-06-22 21:00:00,,The Barrie,"107-109 Regent Street Chippendale, NSW 2008",20.0,30.0,,https://www.eventbrite.com.au/e/dutty-dancing-tickets-911174466357?aff=ebdssbdestsearch
98,JUST DANCEHALL UNDERGROUND,2024-06-22 21:00:00,360.0,KX Social Club,"24 Bayswater Road Potts Point, NSW 2011",22.49,27.78,,https://www.eventbrite.com.au/e/just-dancehall-underground-tickets-919980836447?aff=ebdssbdestsearch
99,"Bollywood Gen Z Party at Blackbird, Darling Harbour, Sydney",2024-06-22 22:00:00,300.0,Blackbird Cafe,"Wheat Road Balcony Level 1 Cockle Bay Wharf Darling Harbour Sydney, NSW 2000",27.19,52.25,Going fast,https://www.eventbrite.com.au/e/bollywood-gen-z-party-at-blackbird-darling-harbour-sydney-tickets-905810031187?aff=ebdssbdestsearch
100,Hyperpop Rave Sydney,2024-06-22 23:00:00,,Oxford Art Factory,"46 Oxford Street #38 Darlinghurst, NSW 2010",26.74,26.74,,https://www.eventbrite.com.au/e/hyperpop-rave-sydney-tickets-885952928057?aff=ebdssbdestsearch
101,"The Whiffenpoofs - Parliament House, Sydney",2024-06-24 10:45:00,105.0,"Jubilee Room, Parliament House","6 Macquarie Street Sydney, NSW 2000",65.0,65.0,Almost full,https://www.eventbrite.com.au/e/the-whiffenpoofs-parliament-house-sydney-tickets-905734304687?aff=ebdssbdestsearch
102,The White Tree Band Showcase Gig,2024-06-25 18:30:00,120.0,Low 302,"302 Crown Street Surry Hills, NSW 2010",0.0,0.0,,https://www.eventbrite.com.au/e/the-white-tree-band-showcase-gig-tickets-918582784837?aff=ebdssbdestsearch
103,DEADNERVE Unto Death Tour @ The Burdekin Hotel Sydney,2024-06-28 18:00:00,,Burdekin Hotel,"2 Oxford St Darlinghurst, NSW 2010",27.84,27.84,,https://www.eventbrite.com.au/e/deadnerve-unto-death-tour-the-burdekin-hotel-sydney-tickets-907389264717?aff=ebdssbdestsearch
104,Central Coast Acoustic Songwriter Sessions  at The Entrance Lake House,2024-06-28 19:00:00,,The Entrance Lake House,"27 The Entrance Road The Entrance, NSW 2261",25.0,25.0,,https://www.eventbrite.com.au/e/central-coast-acoustic-songwriter-sessions-at-the-entrance-lake-house-tickets-643537165987?aff=ebdssbdestsearch
105,"Zombeaches w/ Baby Mullet, Runnin' Hot & Laura Panic at Elton Chong's",2024-06-28 19:30:00,240.0,Elton Chong,"388 High Street Penrith, NSW 2750",17.72,17.72,,https://www.eventbrite.com/e/zombeaches-w-baby-mullet-runnin-hot-laura-panic-at-elton-chongs-tickets-894907310857?aff=ebdssbdestsearch
106,"[SYD] TITI Mini Show ft Inception, Alu, Tranzmatikk, Emi, DK, Ket & more...",2024-06-28 19:30:00,,Việt Phố Entertainment,"2 George Street Yagoona, NSW 2199",54.26,160.14,,https://www.eventbrite.com.au/e/syd-titi-mini-show-ft-inception-alu-tranzmatikk-emi-dk-ket-more-tickets-915838737317?aff=ebdssbdestsearch
107,50/50 Full Circle,2024-06-28 21:00:00,360.0,Burdekin Hotel,"2 Oxford Street Darlinghurst, NSW 2010",21.79,28.86,Going fast,https://www.eventbrite.com.au/e/5050-full-circle-tickets-848046298307?aff=ebdssbdestsearch
108,AREA 91 – 50 Shades of Brown,2024-06-28 21:00:00,360.0,ARQ Sydney,"16 Flinders Street Darlinghurst, NSW 2010",25.29,37.39,,https://www.eventbrite.com.au/e/area-91-50-shades-of-brown-tickets-906526353727?aff=ebdssbdestsearch
109,FerxxoCalipsis 2  Deluxe Edition,2024-06-28 21:00:00,360.0,22 Bayswater Rd,"22 Bayswater Road Potts Point, NSW 2011",22.49,33.08,,https://www.eventbrite.com.au/e/ferxxocalipsis-2-deluxe-edition-tickets-921483852007?aff=ebdssbdestsearch
110,NICKI NIGHT | FRI 28TH JUNE | PRIDE MONTH CLOSING PARTY,2024-06-28 21:00:00,,Oxford Street,"Sydney, NSW 2000",9.25,17.19,,https://www.eventbrite.com.au/e/nicki-night-fri-28th-june-pride-month-closing-party-tickets-902952243467?aff=ebdssbdestsearch
111,STEPPERS ft. Original Sin (UK),2024-06-28 21:00:00,480.0,231 Oxford St,"reet Darlinghurst, NSW 2010",22.49,43.66,,https://www.eventbrite.com.au/e/steppers-ft-original-sin-uk-tickets-918657187377?aff=ebdssbdestsearch
112,"Sandbox ft. HIJCKD, FOVOS (NZ) & TAZI (ADL)",2024-06-28 21:00:00,360.0,Home The Venue,"1-5 Wheat Road #101 Sydney, NSW 2000",28.5,70.61,,https://www.eventbrite.com/e/sandbox-ft-hijckd-fovos-nz-tazi-adl-tickets-918658210437?aff=ebdssbdestsearch
113,FRI 28 JUNE - WAO SUPERCLUB @ IVY,2024-06-28 21:30:00,,ivy precinct,"330 George Street Sydney, NSW 2000",22.0,60.5,,https://www.eventbrite.com.au/e/fri-28-june-wao-superclub-ivy-tickets-906019908937?aff=ebdssbdestsearch
114,Bollywood Prom Night,2024-06-28 22:00:00,,The Flynn,"2A Bligh Street Sydney, NSW 2000",22.49,54.26,,https://www.eventbrite.com.au/e/bollywood-prom-night-tickets-913089464167?aff=ebdssbdestsearch
115,Cloud 909 ~ Jex Opolis (Good Timin' / Dekmantel) B2B Lauren Hansom,2024-06-28 22:00:00,300.0,the six:twelve,"6-12 Harbour Street Sydney, NSW 2000",27.09,42.72,,https://www.eventbrite.com/e/cloud-909-jex-opolis-good-timin-dekmantel-b2b-lauren-hansom-tickets-916917624297?aff=ebdssbdestsearch
116,Pibe Cantina x Full Turreo | FRI 28 JUN | Kent St Hotel,2024-06-28 22:00:00,360.0,Kent Street Hotel,"349 Kent St Sydney, NSW 2000",0.0,12.68,,https://www.eventbrite.com.au/e/pibe-cantina-x-full-turreo-fri-28-jun-kent-st-hotel-tickets-884317265747?aff=ebdssbdestsearch
117,Sabrina Carpenter Party - Sydney,2024-06-28 22:00:00,,Tokio Hotel,"101/1-5 Wheat Road Cockle Bay Wharf Darling Park, NSW 2000",15.03,24.2,,https://www.eventbrite.com.au/e/sabrina-carpenter-party-sydney-tickets-919268957197?aff=ebdssbdestsearch
118,Sabrina Carpenter Party Sydney,2024-06-28 23:00:00,,Oxford Art Factory,"46 Oxford Street #38 Darlinghurst, NSW 2010",11.29,26.74,,https://www.eventbrite.com.au/e/sabrina-carpenter-party-sydney-tickets-896799881587?aff=ebdssbdestsearch
119,SWIFTIE RODEO - Taylor Swift Night Sydney,2024-06-28 23:45:00,,Oxford Art Factory,"46 Oxford Street #38 Darlinghurst, NSW 2010",11.29,31.89,,https://www.eventbrite.com.au/e/swiftie-rodeo-taylor-swift-night-sydney-tickets-893606409827?aff=ebdssbdestsearch
120,Yusuf Saleem World Tour 2024 - Sydney,2024-06-29 04:30:00,90.0,International Terminal 1,"Departure Plaza Mascot, NSW 2020",0.0,360.26,,https://www.eventbrite.com/e/yusuf-saleem-world-tour-2024-sydney-tickets-913306593607?aff=ebdssbdestsearch
121,Choir Singalong,2024-06-29 10:00:00,60.0,North Sydney Community Centre,"220 Miller Street North Sydney, NSW 2060",0.0,0.0,,https://www.eventbrite.com.au/e/choir-singalong-tickets-920554682837?aff=ebdssbdestsearch
122,Lake Macquarie Winds Concert Band,2024-06-29 14:00:00,120.0,"Rathmines Theatre, nawayiba","Stilling Street & Dorrington Road Intersection Rathmines, NSW 2283",0.0,0.0,,https://www.eventbrite.com.au/e/lake-macquarie-winds-concert-band-tickets-754324182937?aff=ebdssbdestsearch
123,Crush Reunion Part 2 Harbour Cruise - Boat Party - 29/6/24,2024-06-29 18:30:00,270.0,King Street Wharf 7,"Lime Street Sydney, NSW 2000",42.61,53.19,Going fast,https://www.eventbrite.com.au/e/crush-reunion-part-2-harbour-cruise-boat-party-29624-tickets-909574009347?aff=ebdssbdestsearch
124,THE GANG 2,2024-06-29 19:00:00,360.0,Viet Pho Restaurant and KTV,"313 Chapel Road Bankstown, NSW 2200",30.0,30.0,,https://www.eventbrite.com/e/the-gang-2-tickets-919304924777?aff=ebdssbdestsearch
125,AM//PM Emo Night // Sydney June 29,2024-06-29 20:00:00,,Burdekin Hotel,"2 Oxford St Darlinghurst, NSW 2010",17.5,25.0,,https://www.eventbrite.com.au/e/ampm-emo-night-sydney-june-29-tickets-913689669397?aff=ebdssbdestsearch
126,RNB SUPERCLUB @ THE ARGYLE!,2024-06-29 20:00:00,420.0,The Argyle,"18 Argyle Street The Rocks, NSW 2000",0.0,31.53,,https://www.eventbrite.com/e/rnb-superclub-the-argyle-tickets-914210557387?aff=ebdssbdestsearch
127,The Argyle Saturdays // FREE & Discounted Entry // SYDVIP,2024-06-29 20:00:00,,The Argyle,"18 Argyle Street The Rocks, NSW 2000",0.0,11.9,,https://www.eventbrite.com.au/e/the-argyle-saturdays-free-discounted-entry-sydvip-tickets-918720566947?aff=ebdssbdestsearch
128,"Throw Back - 80s, 90s, Noughties - Boat Party",2024-06-29 20:00:00,240.0,King Street Wharf,"35 The Promenade Sydney, NSW 2000",22.32,43.2,,https://www.eventbrite.com.au/e/throw-back-80s-90s-noughties-boat-party-tickets-872281676977?aff=ebdssbdestsearch
129,Chammak Challo - Bollywood Night @ OAF,2024-06-29 21:00:00,360.0,Oxford Art Factory,"46 Oxford Street #38 Darlinghurst, NSW 2010",27.78,53.19,,https://www.eventbrite.com.au/e/chammak-challo-bollywood-night-oaf-tickets-916854866587?aff=ebdssbdestsearch
130,LEVELS SYDNEY 2024,2024-06-29 21:00:00,,Chicane Sydney,"22 Bayswater Road Potts Point, NSW 2011",16.9,32.69,,https://www.eventbrite.com.au/e/levels-sydney-2024-tickets-818100369227?aff=ebdssbdestsearch
131,"Bollywood Saturday Night at Blackbird, Darling Harbour, Sydney",2024-06-29 22:00:00,,Blackbird Cafe,"Wheat Road Balcony Level 1 Cockle Bay Wharf Darling Harbour Sydney, NSW 2000",27.19,470.89,,https://www.eventbrite.com.au/e/bollywood-saturday-night-at-blackbird-darling-harbour-sydney-tickets-916803743677?aff=ebdssbdestsearch
132,Sims Rave Sydney,2024-06-29 23:45:00,,Oxford Art Factory,"46 Oxford Street #38 Darlinghurst, NSW 2010",11.29,21.59,,https://www.eventbrite.com.au/e/sims-rave-sydney-tickets-881173923927?aff=ebdssbdestsearch
133,"Opera in the Pub at The Union - ""Heroes and Villains""",2024-06-30 14:00:00,120.0,The Union Hotel,"271 Pacific Highway North Sydney, NSW 2060",48.96,48.96,,https://www.eventbrite.com.au/e/opera-in-the-pub-at-the-union-heroes-and-villains-tickets-914375992207?aff=ebdssbdestsearch
134,"Term 2, 2024 Live Lounge  - Newcastle",2024-06-30 17:30:00,180.0,Wests City,"309 King Street Newcastle West, NSW 2302",0.0,0.0,,https://www.eventbrite.com.au/e/term-2-2024-live-lounge-newcastle-tickets-873024217937?aff=ebdssbdestsearch
135,Australian International Music Festival - Chatswood Concourse Adjudication,2024-07-01 12:00:00,150.0,Chatswood Concourse,"409 Victoria Avenue Chatswood, NSW 2067",0.0,0.0,Going fast,https://www.eventbrite.com.au/e/australian-international-music-festival-chatswood-concourse-adjudication-tickets-917670476097?aff=ebdssbdestsearch
136,"Opera in the Pub at The Harold - ""Heroes and Villains""",2024-07-02 19:30:00,120.0,The Harold,"70A Ross Street Forest Lodge, NSW 2037",48.96,48.96,,https://www.eventbrite.com.au/e/opera-in-the-pub-at-the-harold-heroes-and-villains-tickets-913698014357?aff=ebdssbdestsearch
137,Musicians' Meet-Up: July,2024-07-03 18:30:00,,"Studio 2166,  Level 1, Whitlam Library Cabramatta","165 Railway Parade Cabramatta, NSW 2166",,,,https://www.eventbrite.com.au/e/musicians-meet-up-july-tickets-891433721257?aff=ebdssbdestsearch
138,Annaliesa Rose & the Buds,2024-07-03 20:30:00,150.0,Foundry 616,"616 Harris Street Ultimo, NSW 2007",21.98,48.08,,https://www.eventbrite.com.au/e/annaliesa-rose-the-buds-tickets-921259982407?aff=ebdssbdestsearch
139,Chloe Gill Single Launch: Firework Night,2024-07-05 18:00:00,180.0,The Conservatorium of Music,"Corner of Auckland and Laman Streets Newcastle, NSW 2300",22.49,22.49,,https://www.eventbrite.com.au/e/chloe-gill-single-launch-firework-night-tickets-913672989507?aff=ebdssbdestsearch
140,5 ANIVERSARIO MAS FLOW SYDNEY,2024-07-05 21:30:00,450.0,ARQ Sydney,"16 Flinders Street Darlinghurst, NSW 2010",27.78,36.0,,https://www.eventbrite.com.au/e/5-aniversario-mas-flow-sydney-tickets-914114580317?aff=ebdssbdestsearch
141,FRI 5 JUL - WAO SUPERCLUB @ IVY,2024-07-05 21:30:00,,ivy precinct,"330 George Street Sydney, NSW 2000",22.0,60.5,,https://www.eventbrite.com.au/e/fri-5-jul-wao-superclub-ivy-tickets-920464934397?aff=ebdssbdestsearch
142,Aname Sydney,2024-07-05 22:00:00,,Civic Underground,"388 Pitt St Sydney, NSW 2000",38.2,45.34,,https://www.eventbrite.com.au/e/aname-sydney-tickets-907241924017?aff=ebdssbdestsearch
143,Pibe Cantina x Tributo a Tini | FRI 5 JUL | Kent St Hotel,2024-07-05 22:00:00,360.0,Kent Street Hotel,"349 Kent St Sydney, NSW 2000",0.0,12.68,,https://www.eventbrite.com.au/e/pibe-cantina-x-tributo-a-tini-fri-5-jul-kent-st-hotel-tickets-884317275777?aff=ebdssbdestsearch
144,Lana Del Rave Sydney,2024-07-05 23:00:00,,Oxford Art Factory,"46 Oxford Street #38 Darlinghurst, NSW 2010",11.29,21.59,,https://www.eventbrite.com.au/e/lana-del-rave-sydney-tickets-913706600037?aff=ebdssbdestsearch
145,MOOD DOK Sydney Dance Workshop 2024,2024-07-06 17:00:00,240.0,IMI DANCE / IMI ENT,"9 East Street Lidcombe, NSW 2141",53.19,117.79,,https://www.eventbrite.com.au/e/mood-dok-sydney-dance-workshop-2024-tickets-916500777497?aff=ebdssbdestsearch
146,KIRTAN JAM! A Free Event! 7pm,2024-07-06 19:00:00,,Hearts Landing | Heart Healing Arts,"2/217 West St Umina Beach, NSW 2257",0.0,0.0,Going fast,https://www.eventbrite.com.au/e/kirtan-jam-a-free-event-7pm-tickets-485285220157?aff=ebdssbdestsearch
147,Lamphead EP tour,2024-07-06 19:00:00,,Burdekin Hotel,"2 Oxford St Darlinghurst, NSW 2010",22.67,22.67,,https://www.eventbrite.com.au/e/lamphead-ep-tour-tickets-915037922057?aff=ebdssbdestsearch
148,Mystopia presents: BURN WINTER,2024-07-06 20:00:00,420.0,Burdekin Hotel,"2 Oxford Street Darlinghurst, NSW 2010",39.24,80.78,,https://www.eventbrite.com.au/e/mystopia-presents-burn-winter-tickets-899989341347?aff=ebdssbdestsearch
149,BACK TO 2000'S VIBEZ,2024-07-06 21:00:00,,Schirrmo's Bar,"11 Rawson Place Haymarket, NSW 2000",22.49,22.49,Sales end soon,https://www.eventbrite.com.au/e/back-to-2000s-vibez-tickets-920884549477?aff=ebdssbdestsearch
150,"Bollywood Saturdays at Blackbird, Darling Harbour, Sydney",2024-07-06 22:00:00,,Blackbird Cafe,"Wheat Road Balcony Level 1 Cockle Bay Wharf Darling Harbour Sydney, NSW 2000",27.19,470.89,,https://www.eventbrite.com.au/e/bollywood-saturdays-at-blackbird-darling-harbour-sydney-tickets-916816632227?aff=ebdssbdestsearch
151,Music Evening,2024-07-07 18:00:00,120.0,15 Pine Ave,"nue Little Bay, NSW 2036",33.08,33.08,,https://www.eventbrite.com/e/music-evening-tickets-906001624247?aff=ebdssbdestsearch
152,Music Camp: A Creative Holiday Program Curated for Students aged 8-15,2024-07-09 09:00:00,,shop 1/17 Green St,"17 Green Street #shop 1 Maroubra, NSW 2035",128.37,446.03,,https://www.eventbrite.com.au/e/music-camp-a-creative-holiday-program-curated-for-students-aged-8-15-tickets-920423590737?aff=ebdssbdestsearch
153,Hey Diddle Diddle,2024-07-09 10:30:00,40.0,Life Congregational Church Hall,"Corner of Ferdinand and Alexandra Street Hunters Hill, NSW 2110",29.12,47.66,,https://www.eventbrite.com.au/e/hey-diddle-diddle-tickets-898822531387?aff=ebdssbdestsearch
154,Global Folk for Little Folk,2024-07-10 10:30:00,40.0,Tramsheds -Harold Park Community Hall,"Level 1 1 Dalgal Way Forest Lodge, NSW 2037",29.12,47.66,,https://www.eventbrite.com.au/e/global-folk-for-little-folk-tickets-916885187277?aff=ebdssbdestsearch
155,Sinister Rituals 02,2024-07-12 20:00:00,420.0,Burdekin Hotel,"2 Oxford Street Darlinghurst, NSW 2010",13.27,28.86,,https://www.eventbrite.com.au/e/sinister-rituals-02-tickets-887372413777?aff=ebdssbdestsearch
156,FRI 12 JUL - WAO SUPERCLUB @ IVY,2024-07-12 21:30:00,,ivy precinct,"330 George Street Sydney, NSW 2000",22.0,60.5,,https://www.eventbrite.com.au/e/fri-12-jul-wao-superclub-ivy-tickets-920465857157?aff=ebdssbdestsearch
157,SWAMPED,2024-07-13 19:00:00,298.0,Marrickville Bowling & Recreation Club,"91 Sydenham Road Marrickville, NSW 2204",27.78,27.78,,https://www.eventbrite.com.au/e/swamped-tickets-908630788147?aff=ebdssbdestsearch
158,The Oils Tribute,2024-07-13 20:00:00,180.0,Club Belrose,"146 Forest Way Belrose, NSW 2085",22.49,22.49,,https://www.eventbrite.com.au/e/the-oils-tribute-tickets-781677427227?aff=ebdssbdestsearch
159,Way Back When - A Night Of Classic Trance,2024-07-13 20:00:00,,Oxford Underground,"134 Oxford St Darlinghurst, NSW 2010",42.61,42.61,,https://www.eventbrite.com.au/e/way-back-when-a-night-of-classic-trance-tickets-899746254267?aff=ebdssbdestsearch
160,The Anna Weaving Collective,2024-07-13 20:30:00,150.0,Foundry 616,"616 Harris Street Ultimo, NSW 2007",34.51,95.06,,https://www.eventbrite.com.au/e/the-anna-weaving-collective-tickets-913447174087?aff=ebdssbdestsearch
161,Bark Division: 1st Birthday Ft Boxxy & Sillybitchesdie,2024-07-13 21:00:00,360.0,Burdekin Hotel,"2 Oxford Street Darlinghurst, NSW 2010",18.47,28.86,,https://www.eventbrite.com.au/e/bark-division-1st-birthday-ft-boxxy-sillybitchesdie-tickets-920537350997?aff=ebdssbdestsearch
162,So Fresh Party Sydney,2024-07-13 23:00:00,,Oxford Art Factory,"46 Oxford Street #38 Darlinghurst, NSW 2010",11.29,21.59,,https://www.eventbrite.com.au/e/so-fresh-party-sydney-tickets-913725927847?aff=ebdssbdestsearch
163,Gamers Rave Sydney,2024-07-13 23:45:00,,Oxford Art Factory,"46 Oxford Street #38 Darlinghurst, NSW 2010",11.29,26.74,,https://www.eventbrite.com.au/e/gamers-rave-sydney-tickets-857629160907?aff=ebdssbdestsearch
164,Live Music at Maestria,2024-07-14 19:00:00,180.0,Maestria Restaurant & Bar,"1 Homebush Bay Drive #Shop 1 Rhodes, NSW 2138",0.0,0.0,,https://www.eventbrite.com.au/e/live-music-at-maestria-tickets-914935776537?aff=ebdssbdestsearch
165,Cinematic Sounds - School Holiday Workshop,2024-07-16 09:00:00,360.0,The Conservatorium of Music,"Corner of Auckland and Laman Streets Newcastle, NSW 2300",128.37,128.37,,https://www.eventbrite.com.au/e/cinematic-sounds-school-holiday-workshop-tickets-918535112247?aff=ebdssbdestsearch
166,Electronic Music Performance Workshop - School Holiday Workshop,2024-07-17 09:00:00,360.0,The Conservatorium of Music,"Corner of Auckland and Laman Streets Newcastle, NSW 2300",86.02,86.02,,https://www.eventbrite.com.au/e/electronic-music-performance-workshop-school-holiday-workshop-tickets-918585954317?aff=ebdssbdestsearch
167,Percussion Workshop,2024-07-17 09:00:00,270.0,The Conservatorium of Music,"Corner of Auckland and Laman Streets Newcastle, NSW 2300",86.02,86.02,,https://www.eventbrite.com.au/e/percussion-workshop-tickets-918581511027?aff=ebdssbdestsearch
168,BLEND 2 | Composition Concert,2024-07-18 16:00:00,180.0,66 Harrington St,"reet The Rocks, NSW 2000",0.0,0.0,,https://www.eventbrite.com.au/e/blend-2-composition-concert-tickets-860637769737?aff=ebdssbdestsearch
169,"An Evening with Carlotta Centanni: Italian Classics, Jazz, and Bossa Nova",2024-07-19 19:30:00,120.0,Cardea Sydney,"300 Barangaroo Avenue #Shop 2, T3.01 Barangaroo, NSW 2000",43.66,107.19,,https://www.eventbrite.com.au/e/an-evening-with-carlotta-centanni-italian-classics-jazz-and-bossa-nova-tickets-905824975887?aff=ebdssbdestsearch
170,Hoshi Pre Party,2024-07-19 20:00:00,,Home Main Venue,"101/1-5 Wheat Road Cockle Bay Wharf Darling Park, NSW 2000",38.5,60.5,,https://www.eventbrite.com.au/e/hoshi-pre-party-tickets-888034855157?aff=ebdssbdestsearch
171,FRI 19 JUL - WAO SUPERCLUB @ IVY,2024-07-19 21:30:00,,ivy precinct,"330 George Street Sydney, NSW 2000",22.0,60.5,,https://www.eventbrite.com.au/e/fri-19-jul-wao-superclub-ivy-tickets-920469327537?aff=ebdssbdestsearch
172,Pibe Cantina x Dia del Amigo | FRI 19 JUL | Kent St Hotel,2024-07-19 22:00:00,360.0,Kent Street Hotel,"349 Kent St Sydney, NSW 2000",0.0,12.68,,https://www.eventbrite.com/e/pibe-cantina-x-dia-del-amigo-fri-19-jul-kent-st-hotel-tickets-884317325927?aff=ebdssbdestsearch
173,Care Bears Rave Sydney,2024-07-19 23:00:00,,Oxford Art Factory,"46 Oxford Street #38 Darlinghurst, NSW 2010",11.29,26.74,,https://www.eventbrite.com.au/e/care-bears-rave-sydney-tickets-901992723517?aff=ebdssbdestsearch
174,Winter Country Music Night - Emu Hall,2024-07-20 17:00:00,300.0,Emu Hall Bar & Kitchen,"2-26 Great Western Highway Emu Plains, NSW 2750",17.19,17.19,Almost full,https://www.eventbrite.com.au/e/winter-country-music-night-emu-hall-tickets-915059737307?aff=ebdssbdestsearch
175,FROSTBITTEN WEEKEND,2024-07-20 18:30:00,,Burdekin Hotel,"2 Oxford St Darlinghurst, NSW 2010",27.84,27.84,,https://www.eventbrite.com.au/e/frostbitten-weekend-tickets-900844398847?aff=ebdssbdestsearch
176,Karise Eden,2024-07-20 19:00:00,240.0,Bowral Bowling Club,"40 Shepherd Street Bowral, NSW 2576",43.66,551.91,,https://www.eventbrite.com.au/e/karise-eden-tickets-877678087787?aff=ebdssbdestsearch
177,Sensitive Instruments,2024-07-20 20:00:00,90.0,Local Edition,"279 Broadway On the corner of Broadway and Glebe Point Rd Glebe, NSW 2037",27.78,40.49,,https://www.eventbrite.com/e/sensitive-instruments-tickets-906630796117?aff=ebdssbdestsearch
178,Shenanigans,2024-07-20 20:00:00,420.0,The Lass O'Gowrie Hotel,"14 Railway Street Wickham, NSW 2293",15.0,27.78,,https://www.eventbrite.com.au/e/shenanigans-tickets-920464493077?aff=ebdssbdestsearch
179,My Chemical Romance Ball (Sydney),2024-07-20 21:00:00,300.0,The Imperial Erskineville,"35 Erskineville Road Erskineville, NSW 2043",18.26,27.78,,https://www.eventbrite.com.au/e/my-chemical-romance-ball-sydney-tickets-911181728077?aff=ebdssbdestsearch
180,Road to '24 AXIX Live in Sydney,2024-07-21 20:00:00,,Home Main Venue,"101/1-5 Wheat Road Cockle Bay Wharf Darling Park, NSW 2000",55.0,88.0,,https://www.eventbrite.com.au/e/road-to-24-axix-live-in-sydney-tickets-920548765137?aff=ebdssbdestsearch
181,Music in Me Summit 2024,2024-07-22 08:30:00,420.0,ACO Pier 2/3,"13A Hickson Road #Suite 3 Dawes Point, NSW 2000",43.33,159.22,,https://www.eventbrite.com.au/e/music-in-me-summit-2024-tickets-895788376147?aff=ebdssbdestsearch
182,Live Music Lake Mac & HIT Productions presents Buddy Knox Project,2024-07-24 18:30:00,210.0,"Warners Bay Theatre, baramayiba","39 Lake Street Warners Bay, NSW 2282",48.6,53.87,,https://www.eventbrite.com.au/e/live-music-lake-mac-hit-productions-presents-buddy-knox-project-tickets-755098940257?aff=ebdssbdestsearch
183,BEATS BINGO - RnB Fridays [MACQUARIE] at TGI Fridays,2024-07-25 18:30:00,120.0,TGI Fridays Macquarie,"454 Herring Road North Ryde, NSW 2113",0.0,0.0,,https://www.eventbrite.com.au/e/beats-bingo-rnb-fridays-macquarie-at-tgi-fridays-tickets-911042270957?aff=ebdssbdestsearch
184,LES FEMMES - Dinner & Show at Cardea,2024-07-25 19:00:00,,Cardea Sydney,"300 Barangaroo Avenue #Shop 2, T3.01 Barangaroo, NSW 2000",33.08,128.37,,https://www.eventbrite.com.au/e/les-femmes-dinner-show-at-cardea-tickets-799156046247?aff=ebdssbdestsearch
185,"colourblind S/T Album Launch, Sydney",2024-07-26 19:30:00,,Burdekin Hotel,"2 Oxford St Darlinghurst, NSW 2010",20.0,20.0,,https://www.eventbrite.com.au/e/colourblind-st-album-launch-sydney-tickets-917142988367?aff=ebdssbdestsearch
186,FRI 26 JUL - WAO SUPERCLUB @ IVY,2024-07-26 21:30:00,,ivy precinct,"330 George Street Sydney, NSW 2000",22.0,60.5,,https://www.eventbrite.com.au/e/fri-26-jul-wao-superclub-ivy-tickets-920470952397?aff=ebdssbdestsearch
187,The Wacky Wonderland Tour,2024-07-27 03:00:00,900.0,"MoshPit, King Street, Erskineville NSW, Australia","642A King Street Erskineville, NSW 2043",19.0,25.0,,https://www.eventbrite.com/e/the-wacky-wonderland-tour-tickets-850287511837?aff=ebdssbdestsearch
188,Lucky Presents | Christmas In July | Sunset Boat Party,2024-07-27 15:30:00,,King Street Wharf 9,"Harbour Street Sydney, NSW 2000",29.0,39.0,,https://www.eventbrite.com.au/e/lucky-presents-christmas-in-july-sunset-boat-party-tickets-893685526467?aff=ebdssbdestsearch
189,Journey Of Sound pres. SUBANDRIO (SL) - SYDNEY,2024-07-27 21:00:00,,The Civic Hotel,"388 Pitt Street Sydney, NSW 2000",38.0,49.99,,https://www.eventbrite.com/e/journey-of-sound-pres-subandrio-sl-sydney-tickets-919047524887?aff=ebdssbdestsearch
190,The Honeymakers Big Band - In The Spotlight,2024-07-28 15:00:00,,Tradies Gymea,"57 Manchester Road Gymea, NSW 2227",15.0,15.0,,https://www.eventbrite.com.au/e/the-honeymakers-big-band-in-the-spotlight-tickets-921335538397?aff=ebdssbdestsearch
191,UNSW Wind Symphony Concert: Native Winds,2024-07-30 19:00:00,120.0,Sir John Clancy Auditorium,"9 High Street Kensington, NSW 2052",10.55,21.1,,https://www.eventbrite.com.au/e/unsw-wind-symphony-concert-native-winds-tickets-907262906777?aff=ebdssbdestsearch
192,Collegium Musicum Choir Concert: Lacrimosa,2024-08-02 19:00:00,120.0,Sir John Clancy Auditorium,"9 High Street Kensington, NSW 2052",19.53,28.0,,https://www.eventbrite.com.au/e/collegium-musicum-choir-concert-lacrimosa-tickets-911137676317?aff=ebdssbdestsearch
193,"[SYD] MEMORIES IX 02.08.2024 | HA TRAN, TRAN THAI HOA, LAN NHA, THUY DUNG",2024-08-02 19:30:00,,Cabra-Vale Diggers Club,"1 Bartley Street Canley Vale, NSW 2166",107.19,170.73,,https://www.eventbrite.com.au/e/syd-memories-ix-02082024-ha-tran-tran-thai-hoa-lan-nha-thuy-dung-tickets-921470983517?aff=ebdssbdestsearch
194,New Club Vibrations | Gangster Theme,2024-08-03 20:00:00,300.0,"Polish Club Ashfield, Liverpool Road, Ashfield NSW, Australia","182 Liverpool Road Ashfield, NSW 2131",27.07,229.57,,https://www.eventbrite.com.au/e/new-club-vibrations-gangster-theme-tickets-918595432667?aff=ebdssbdestsearch
195,Berlin Underground,2024-08-04 22:00:00,,Civic Underground,"388 Pitt St Sydney CBD, NSW 2000",0.0,22.19,,https://www.eventbrite.com.au/e/berlin-underground-tickets-368952776687?aff=ebdssbdestsearch
196,Berlin Underground @ Civic Hotel,2024-08-04 22:00:00,,Berlin Underground,"388 Pitt Street Sydney, NSW 2000",0.0,22.0,,https://www.eventbrite.com.au/e/berlin-underground-civic-hotel-tickets-368815496077?aff=ebdssbdestsearch
197,Tony Nyadundo Live in Sydney,2024-08-06 18:00:00,330.0,Rosehill Bowling Club,"Rosehill, NSW 2142",95.0,95.0,,https://www.eventbrite.com/e/tony-nyadundo-live-in-sydney-tickets-920847619017?aff=ebdssbdestsearch
198,The Beatnix,2024-08-10 20:00:00,150.0,Club Kirrawee,"101 Oak Road Kirrawee, NSW 2232",27.78,27.78,Going fast,https://www.eventbrite.com.au/e/the-beatnix-tickets-899541692417?aff=ebdssbdestsearch
199,VOGUE Masquerade Party DJ Sam Boutros,2024-08-10 20:00:00,300.0,Gardens on Forest,"764 Forest Road Peakhurst, NSW 2210",27.78,27.78,,https://www.eventbrite.com.au/e/vogue-masquerade-party-dj-sam-boutros-tickets-913716710277?aff=ebdssbdestsearch
200,Simo's Presents - Viscera Infest (JAP),2024-08-16 19:30:00,270.0,Simo's,"Warf 3 3 The Promenade Sydney, NSW 2000",43.73,43.73,,https://www.eventbrite.com/e/simos-presents-viscera-infest-jap-tickets-846794474067?aff=ebdssbdestsearch
201,BEATS BINGO - Emo [MACQUARIE] at TGI Fridays,2024-08-22 18:30:00,120.0,TGI Fridays Macquarie,"454 Herring Road North Ryde, NSW 2113",0.0,0.0,,https://www.eventbrite.com.au/e/beats-bingo-emo-macquarie-at-tgi-fridays-tickets-911049713217?aff=ebdssbdestsearch
202,Ben Lee with Special Guests,2024-08-22 18:30:00,210.0,"Warners Bay Theatre, baramayiba","39 Lake Street Warners Bay, NSW 2282",48.6,53.87,,https://www.eventbrite.com.au/e/ben-lee-with-special-guests-tickets-912403652887?aff=ebdssbdestsearch
203,ROSS WILSON & The Paceniks,2024-08-23 19:00:00,,Brighton Lakes Recreation & Golf Club,"43 Brickmakers Drive Moorebank, NSW 2170",126.46,126.46,,https://www.eventbrite.com.au/e/ross-wilson-the-paceniks-tickets-918611330217?aff=ebdssbdestsearch
204,"[SYD] ILLUMINATILO ft. DJ TILO, HYE NA, RAPPER ASHI & more | FRI 23 AUG",2024-08-23 19:30:00,,Việt Phố Entertainment,"2 George Street Yagoona, NSW 2199",74.37,195.43,,https://www.eventbrite.com.au/e/syd-illuminatilo-ft-dj-tilo-hye-na-rapper-ashi-more-fri-23-aug-tickets-906167018947?aff=ebdssbdestsearch
205,Swiftie Mirrorball Party: Night 1 Sydney,2024-08-23 23:00:00,,Oxford Art Factory,"46 Oxford Street #38 Darlinghurst, NSW 2010",11.29,31.89,,https://www.eventbrite.com.au/e/swiftie-mirrorball-party-night-1-sydney-tickets-919910756837?aff=ebdssbdestsearch
206,"Bloom Sings: The Stevie Nicks, Linda Ronstadt & Carole King Songbook",2024-08-29 19:30:00,150.0,Cardea Sydney,"300 Barangaroo Avenue #Shop 2, T3.01 Barangaroo, NSW 2000",48.96,133.67,,https://www.eventbrite.com.au/e/bloom-sings-the-stevie-nicks-linda-ronstadt-carole-king-songbook-tickets-847748186647?aff=ebdssbdestsearch
207,Glass Island - LOVE CLVB ft. POOLCLVB + FRIENDS - Sat 31 Aug 2024,2024-08-31 13:00:00,,Glass Island - check event info for Wharf Details,"King Street Wharf Darling Harbour Sydney, NSW 2000",39.2,39.2,,https://www.eventbrite.com.au/e/glass-island-love-clvb-ft-poolclvb-friends-sat-31-aug-2024-tickets-905818556687?aff=ebdssbdestsearch
208,SYD Campus | Open Day | Sept 7,2024-09-07 10:00:00,240.0,The Australian Institute of Music,"27 Nurses Walk The Rocks Sydney, NSW 2000",0.0,0.0,,https://www.eventbrite.com.au/e/syd-campus-open-day-sept-7-tickets-901044577587?aff=ebdssbdestsearch
209,The Annual Campion Ball: The Golden Age of Hollywood,2024-09-14 19:00:00,240.0,8-14 Austin Woodbury Pl,"ace Toongabbie, NSW 2146",70.0,85.0,,https://www.eventbrite.com/e/the-annual-campion-ball-the-golden-age-of-hollywood-tickets-889921588427?aff=ebdssbdestsearch
210,BEATS BINGO - Girl Bands VS Boy Bands [MACQUARIE] at TGI Fridays,2024-09-19 18:30:00,120.0,TGI Fridays Macquarie,"454 Herring Road North Ryde, NSW 2113",0.0,0.0,,https://www.eventbrite.com.au/e/beats-bingo-girl-bands-vs-boy-bands-macquarie-at-tgi-fridays-tickets-911053785397?aff=ebdssbdestsearch
211,Charlie Chech Live at Cardea!,2024-09-20 19:30:00,120.0,Cardea Sydney,"300 Barangaroo Avenue #Shop 2, T3.01 Barangaroo, NSW 2000",43.66,101.9,,https://www.eventbrite.com.au/e/charlie-chech-live-at-cardea-tickets-910187604627?aff=ebdssbdestsearch
212,Whispering Jack,2024-09-21 20:00:00,150.0,Club Kirrawee,"101 Oak Road Kirrawee, NSW 2232",27.78,27.78,,https://www.eventbrite.com.au/e/whispering-jack-tickets-899575613877?aff=ebdssbdestsearch
213,Glass Island -  LOVE CLVB ft. POOLCLVB + FRIENDS - Sat 05 Oct 2024,2024-10-05 13:00:00,,Glass Island - check event info for Wharf Details,"King Street Wharf Darling Harbour Sydney, NSW 2000",49.4,49.4,,https://www.eventbrite.com.au/e/glass-island-love-clvb-ft-poolclvb-friends-sat-05-oct-2024-tickets-905820251757?aff=ebdssbdestsearch
214,The Island: Island Opening Party,2024-10-05 15:00:00,300.0,Double Bay Wharf,"77 Bay Street Double Bay, NSW 2028",55.3,3967.75,,https://www.eventbrite.com.au/e/the-island-island-opening-party-tickets-909173220577?aff=ebdssbdestsearch
215,The Island: Sunday Fruits,2024-10-06 15:00:00,300.0,Double Bay Wharf,"77 Bay Street Double Bay, NSW 2028",44.86,3967.75,,https://www.eventbrite.com.au/e/the-island-sunday-fruits-tickets-908708590857?aff=ebdssbdestsearch
216,Live Music Lake Mac presents Darlinghurst supported by Piper Butcher,2024-10-11 18:30:00,210.0,"Warners Bay Theatre, baramayiba","39 Lake Street Warners Bay, NSW 2282",48.6,53.87,,https://www.eventbrite.com.au/e/live-music-lake-mac-presents-darlinghurst-supported-by-piper-butcher-tickets-754260171477?aff=ebdssbdestsearch
217,The Island: Saturday Sunset,2024-10-12 15:00:00,300.0,Double Bay Wharf,"77 Bay Street Double Bay, NSW 2028",55.3,3967.75,,https://www.eventbrite.com.au/e/the-island-saturday-sunset-tickets-909177383027?aff=ebdssbdestsearch
218,Throw Back x Social Women's  Club - Day Boat Party,2024-10-12 15:30:00,240.0,King Street Wharf,"35 The Promenade Sydney, NSW 2000",32.75,32.75,,https://www.eventbrite.com.au/e/throw-back-x-social-womens-club-day-boat-party-tickets-894134058037?aff=ebdssbdestsearch
219,The Island: Sunday Social,2024-10-13 15:00:00,300.0,Double Bay Wharf,"77 Bay Street Double Bay, NSW 2028",44.86,3967.75,,https://www.eventbrite.com.au/e/the-island-sunday-social-tickets-908709012117?aff=ebdssbdestsearch
220,FABBA Superyacht Party,2024-10-19 19:00:00,,Queens Wharf Terminal,"242-258 Wharf Road Newcastle, NSW 2300",43.66,59.54,,https://www.eventbrite.com/e/fabba-superyacht-party-tickets-883123655627?aff=ebdssbdestsearch
221,The Island : Island All Stars,2024-10-20 15:00:00,300.0,Double Bay Wharf,"77 Bay Street Double Bay, NSW 2028",44.86,3967.75,,https://www.eventbrite.com.au/e/the-island-island-all-stars-tickets-909148165637?aff=ebdssbdestsearch
222,Fleetwood Nicks Sydney Harbour Cruise,2024-10-26 18:00:00,240.0,King Street Wharf Darling Harbour,"Lime Street Sydney, NSW 2000",90.0,90.0,,https://www.eventbrite.com.au/e/fleetwood-nicks-sydney-harbour-cruise-tickets-888140641567?aff=ebdssbdestsearch
223,A24 Halloween Sydney,2024-10-26 23:30:00,,Oxford Art Factory,"46 Oxford Street #38 Darlinghurst, NSW 2010",11.29,31.89,,https://www.eventbrite.com.au/e/a24-halloween-sydney-tickets-851899122207?aff=ebdssbdestsearch
224,Emo Carnival 2024 - Emo Night Sydney,2024-11-09 20:00:00,,Oxford Art Factory,"46 Oxford Street #38 Darlinghurst, NSW 2010",11.29,31.89,,https://www.eventbrite.com.au/e/emo-carnival-2024-emo-night-sydney-tickets-921172229937?aff=ebdssbdestsearch
225,"Neurologic Music Therapy Training Inst -  Nov 11-14 in Sydney, Australia",2024-11-11 08:00:00,300.0,Rydges Sydney Central,"28 Albion Street Surry Hills, NSW 2010",295.29,764.8,,https://www.eventbrite.ca/e/neurologic-music-therapy-training-inst-nov-11-14-in-sydney-australia-tickets-856508368587?aff=ebdssbdestsearch
226,Celebrating 70 years of John Williams Music - Warners Bay Theatre,2024-11-24 15:00:00,,"Warners Bay Theatre, baramayiba","39 Lake Street Warners Bay, NSW 2282",32.8,48.6,,https://www.eventbrite.com.au/e/celebrating-70-years-of-john-williams-music-warners-bay-theatre-tickets-906627967657?aff=ebdssbdestsearch
227,Wicked Ball - Sydney,2024-11-30 21:00:00,,Oxford Art Factory,"46 Oxford Street #38 Darlinghurst, NSW 2010",11.29,31.89,,https://www.eventbrite.com.au/e/wicked-ball-sydney-tickets-841144775667?aff=ebdssbdestsearch
228,Jazz Behind the Green Door Christmas Event,2024-12-11 18:00:00,90.0,St Stephens Uniting Church,"197 Macquarie Street Sydney, NSW 2000",17.19,17.19,,https://www.eventbrite.com.au/e/jazz-behind-the-green-door-christmas-event-tickets-808786120057?aff=ebdssbdestsearch
229,The Island - Christmas Eve,2024-12-24 15:00:00,300.0,Double Bay Wharf,"77 Bay Street Double Bay, NSW 2028",55.3,3967.75,,https://www.eventbrite.com.au/e/the-island-christmas-eve-tickets-909191144187?aff=ebdssbdestsearch
230,SOUNDS ON  BOXING DAY,2024-12-26 13:00:00,,Greenwood Hotel,"36 Blue St North Sydney, NSW 2060",69.55,176.65,,https://www.eventbrite.com.au/e/sounds-on-boxing-day-tickets-919270983257?aff=ebdssbdestsearch
